


<?xml version="1.0" encoding="UTF-8" ?>
<!-- This is a WordPress eXtended RSS file generated by WordPress as an export of your site. -->
<!-- It contains information about your site's posts, pages, comments, categories, and other content. -->
<!-- You may use this file to transfer that content from one site to another. -->
<!-- This file is not intended to serve as a complete backup of your site. -->

<!-- To import this information into a WordPress site follow these steps: -->
<!-- 1. Log in to that site as an administrator. -->
<!-- 2. Go to Tools: Import in the WordPress admin panel. -->
<!-- 3. Install the "WordPress" importer from the list. -->
<!-- 4. Activate & Run Importer. -->
<!-- 5. Upload this file using the form provided on that page. -->
<!-- 6. You will first be asked to map the authors in this export file to users -->
<!--    on the site. For each author, you may choose to map to an -->
<!--    existing user on the site or to create a new user. -->
<!-- 7. WordPress will then import each of the posts, pages, comments, categories, etc. -->
<!--    contained in this file into your site. -->

<!-- generator="WordPress/3.2.1" created="2011-12-08 02:03" -->
<rss version="2.0"
	xmlns:excerpt="http://wordpress.org/export/1.1/excerpt/"
	xmlns:content="http://purl.org/rss/1.0/modules/content/"
	xmlns:wfw="http://wellformedweb.org/CommentAPI/"
	xmlns:dc="http://purl.org/dc/elements/1.1/"
	xmlns:wp="http://wordpress.org/export/1.1/"
>

<channel>
	<title>The Silverspoon</title>
	<link>http://localhost/ss_simon_theme</link>
	<description>Inventive American Dining on the Main Line</description>
	<pubDate>Thu, 08 Dec 2011 02:03:44 +0000</pubDate>
	<language>en</language>
	<wp:wxr_version>1.1</wp:wxr_version>
	<wp:base_site_url>http://localhost/ss_simon_theme</wp:base_site_url>
	<wp:base_blog_url>http://localhost/ss_simon_theme</wp:base_blog_url>

	<wp:author><wp:author_id>1</wp:author_id><wp:author_login>Joe</wp:author_login><wp:author_email>joe@silverspoonwayne.com</wp:author_email><wp:author_display_name><![CDATA[Joe]]></wp:author_display_name><wp:author_first_name><![CDATA[]]></wp:author_first_name><wp:author_last_name><![CDATA[]]></wp:author_last_name></wp:author>

	<wp:category><wp:term_id>1</wp:term_id><wp:category_nicename>news</wp:category_nicename><wp:category_parent></wp:category_parent><wp:cat_name><![CDATA[News]]></wp:cat_name></wp:category>

	<generator>http://wordpress.org/?v=3.2.1</generator>

	<item>
		<title>porkosso</title>
		<link>http://localhost/ss_simon_theme/?attachment_id=75</link>
		<pubDate>Sat, 29 Oct 2011 03:58:55 +0000</pubDate>
		<dc:creator>Joe</dc:creator>
		<guid isPermaLink="false">http://localhost/ss_simon_theme/wp-content/uploads/2011/10/porkosso.jpg</guid>
		<description></description>
		<content:encoded><![CDATA[]]></content:encoded>
		<excerpt:encoded><![CDATA[]]></excerpt:encoded>
		<wp:post_id>75</wp:post_id>
		<wp:post_date>2011-10-29 03:58:55</wp:post_date>
		<wp:post_date_gmt>2011-10-29 03:58:55</wp:post_date_gmt>
		<wp:comment_status>open</wp:comment_status>
		<wp:ping_status>open</wp:ping_status>
		<wp:post_name>porkosso</wp:post_name>
		<wp:status>inherit</wp:status>
		<wp:post_parent>0</wp:post_parent>
		<wp:menu_order>0</wp:menu_order>
		<wp:post_type>attachment</wp:post_type>
		<wp:post_password></wp:post_password>
		<wp:is_sticky>0</wp:is_sticky>
		<wp:attachment_url>http://localhost/ss_simon_theme/wp-content/uploads/2011/10/porkosso.jpg</wp:attachment_url>
		<wp:postmeta>
			<wp:meta_key>_wp_attached_file</wp:meta_key>
			<wp:meta_value><![CDATA[2011/10/porkosso.jpg]]></wp:meta_value>
		</wp:postmeta>
		<wp:postmeta>
			<wp:meta_key>_wp_attachment_metadata</wp:meta_key>
			<wp:meta_value><![CDATA[a:6:{s:5:"width";s:4:"3539";s:6:"height";s:4:"2877";s:14:"hwstring_small";s:23:"height='96' width='118'";s:4:"file";s:20:"2011/10/porkosso.jpg";s:5:"sizes";a:3:{s:9:"thumbnail";a:3:{s:4:"file";s:20:"porkosso-150x150.jpg";s:5:"width";s:3:"150";s:6:"height";s:3:"150";}s:6:"medium";a:3:{s:4:"file";s:20:"porkosso-300x243.jpg";s:5:"width";s:3:"300";s:6:"height";s:3:"243";}s:5:"large";a:3:{s:4:"file";s:21:"porkosso-1024x832.jpg";s:5:"width";s:4:"1024";s:6:"height";s:3:"832";}}s:10:"image_meta";a:10:{s:8:"aperture";s:3:"2.8";s:6:"credit";s:0:"";s:6:"camera";s:35:"KODAK EasyShare Z981 Digital Camera";s:7:"caption";s:0:"";s:17:"created_timestamp";s:10:"1318448722";s:9:"copyright";s:0:"";s:12:"focal_length";s:3:"4.6";s:3:"iso";s:3:"400";s:13:"shutter_speed";s:3:"0.1";s:5:"title";s:0:"";}}]]></wp:meta_value>
		</wp:postmeta>
	</item>
	<item>
		<title>shrimprissoto</title>
		<link>http://localhost/ss_simon_theme/?attachment_id=76</link>
		<pubDate>Sat, 29 Oct 2011 03:59:39 +0000</pubDate>
		<dc:creator>Joe</dc:creator>
		<guid isPermaLink="false">http://localhost/ss_simon_theme/wp-content/uploads/2011/10/shrimprissoto.jpg</guid>
		<description></description>
		<content:encoded><![CDATA[]]></content:encoded>
		<excerpt:encoded><![CDATA[]]></excerpt:encoded>
		<wp:post_id>76</wp:post_id>
		<wp:post_date>2011-10-29 03:59:39</wp:post_date>
		<wp:post_date_gmt>2011-10-29 03:59:39</wp:post_date_gmt>
		<wp:comment_status>open</wp:comment_status>
		<wp:ping_status>open</wp:ping_status>
		<wp:post_name>shrimprissoto</wp:post_name>
		<wp:status>inherit</wp:status>
		<wp:post_parent>0</wp:post_parent>
		<wp:menu_order>0</wp:menu_order>
		<wp:post_type>attachment</wp:post_type>
		<wp:post_password></wp:post_password>
		<wp:is_sticky>0</wp:is_sticky>
		<wp:attachment_url>http://localhost/ss_simon_theme/wp-content/uploads/2011/10/shrimprissoto.jpg</wp:attachment_url>
		<wp:postmeta>
			<wp:meta_key>_wp_attached_file</wp:meta_key>
			<wp:meta_value><![CDATA[2011/10/shrimprissoto.jpg]]></wp:meta_value>
		</wp:postmeta>
		<wp:postmeta>
			<wp:meta_key>_wp_attachment_metadata</wp:meta_key>
			<wp:meta_value><![CDATA[a:6:{s:5:"width";s:4:"4282";s:6:"height";s:4:"2228";s:14:"hwstring_small";s:23:"height='66' width='128'";s:4:"file";s:25:"2011/10/shrimprissoto.jpg";s:5:"sizes";a:3:{s:9:"thumbnail";a:3:{s:4:"file";s:25:"shrimprissoto-150x150.jpg";s:5:"width";s:3:"150";s:6:"height";s:3:"150";}s:6:"medium";a:3:{s:4:"file";s:25:"shrimprissoto-300x156.jpg";s:5:"width";s:3:"300";s:6:"height";s:3:"156";}s:5:"large";a:3:{s:4:"file";s:26:"shrimprissoto-1024x532.jpg";s:5:"width";s:4:"1024";s:6:"height";s:3:"532";}}s:10:"image_meta";a:10:{s:8:"aperture";s:3:"3.2";s:6:"credit";s:0:"";s:6:"camera";s:35:"KODAK EasyShare Z981 Digital Camera";s:7:"caption";s:0:"";s:17:"created_timestamp";s:10:"1319046886";s:9:"copyright";s:0:"";s:12:"focal_length";s:3:"7.3";s:3:"iso";s:3:"800";s:13:"shutter_speed";s:17:"0.066666666666667";s:5:"title";s:0:"";}}]]></wp:meta_value>
		</wp:postmeta>
	</item>
	<item>
		<title>scallops</title>
		<link>http://localhost/ss_simon_theme/?attachment_id=77</link>
		<pubDate>Sat, 29 Oct 2011 03:59:53 +0000</pubDate>
		<dc:creator>Joe</dc:creator>
		<guid isPermaLink="false">http://localhost/ss_simon_theme/wp-content/uploads/2011/10/scallops.jpg</guid>
		<description></description>
		<content:encoded><![CDATA[]]></content:encoded>
		<excerpt:encoded><![CDATA[]]></excerpt:encoded>
		<wp:post_id>77</wp:post_id>
		<wp:post_date>2011-10-29 03:59:53</wp:post_date>
		<wp:post_date_gmt>2011-10-29 03:59:53</wp:post_date_gmt>
		<wp:comment_status>open</wp:comment_status>
		<wp:ping_status>open</wp:ping_status>
		<wp:post_name>scallops</wp:post_name>
		<wp:status>inherit</wp:status>
		<wp:post_parent>0</wp:post_parent>
		<wp:menu_order>0</wp:menu_order>
		<wp:post_type>attachment</wp:post_type>
		<wp:post_password></wp:post_password>
		<wp:is_sticky>0</wp:is_sticky>
		<wp:attachment_url>http://localhost/ss_simon_theme/wp-content/uploads/2011/10/scallops.jpg</wp:attachment_url>
		<wp:postmeta>
			<wp:meta_key>_wp_attached_file</wp:meta_key>
			<wp:meta_value><![CDATA[2011/10/scallops.jpg]]></wp:meta_value>
		</wp:postmeta>
		<wp:postmeta>
			<wp:meta_key>_wp_attachment_metadata</wp:meta_key>
			<wp:meta_value><![CDATA[a:6:{s:5:"width";s:4:"3888";s:6:"height";s:4:"3194";s:14:"hwstring_small";s:23:"height='96' width='116'";s:4:"file";s:20:"2011/10/scallops.jpg";s:5:"sizes";a:3:{s:9:"thumbnail";a:3:{s:4:"file";s:20:"scallops-150x150.jpg";s:5:"width";s:3:"150";s:6:"height";s:3:"150";}s:6:"medium";a:3:{s:4:"file";s:20:"scallops-300x246.jpg";s:5:"width";s:3:"300";s:6:"height";s:3:"246";}s:5:"large";a:3:{s:4:"file";s:21:"scallops-1024x841.jpg";s:5:"width";s:4:"1024";s:6:"height";s:3:"841";}}s:10:"image_meta";a:10:{s:8:"aperture";s:3:"3.2";s:6:"credit";s:0:"";s:6:"camera";s:35:"KODAK EasyShare Z981 Digital Camera";s:7:"caption";s:0:"";s:17:"created_timestamp";s:10:"1319045883";s:9:"copyright";s:0:"";s:12:"focal_length";s:3:"6.6";s:3:"iso";s:3:"400";s:13:"shutter_speed";s:5:"0.125";s:5:"title";s:0:"";}}]]></wp:meta_value>
		</wp:postmeta>
	</item>
	<item>
		<title>wildboar</title>
		<link>http://localhost/ss_simon_theme/?attachment_id=78</link>
		<pubDate>Sat, 29 Oct 2011 04:00:15 +0000</pubDate>
		<dc:creator>Joe</dc:creator>
		<guid isPermaLink="false">http://localhost/ss_simon_theme/wp-content/uploads/2011/10/wildboar.jpg</guid>
		<description></description>
		<content:encoded><![CDATA[]]></content:encoded>
		<excerpt:encoded><![CDATA[]]></excerpt:encoded>
		<wp:post_id>78</wp:post_id>
		<wp:post_date>2011-10-29 04:00:15</wp:post_date>
		<wp:post_date_gmt>2011-10-29 04:00:15</wp:post_date_gmt>
		<wp:comment_status>open</wp:comment_status>
		<wp:ping_status>open</wp:ping_status>
		<wp:post_name>wildboar</wp:post_name>
		<wp:status>inherit</wp:status>
		<wp:post_parent>0</wp:post_parent>
		<wp:menu_order>0</wp:menu_order>
		<wp:post_type>attachment</wp:post_type>
		<wp:post_password></wp:post_password>
		<wp:is_sticky>0</wp:is_sticky>
		<wp:attachment_url>http://localhost/ss_simon_theme/wp-content/uploads/2011/10/wildboar.jpg</wp:attachment_url>
		<wp:postmeta>
			<wp:meta_key>_wp_attached_file</wp:meta_key>
			<wp:meta_value><![CDATA[2011/10/wildboar.jpg]]></wp:meta_value>
		</wp:postmeta>
		<wp:postmeta>
			<wp:meta_key>_wp_attachment_metadata</wp:meta_key>
			<wp:meta_value><![CDATA[a:6:{s:5:"width";s:4:"4277";s:6:"height";s:4:"2348";s:14:"hwstring_small";s:23:"height='70' width='128'";s:4:"file";s:20:"2011/10/wildboar.jpg";s:5:"sizes";a:3:{s:9:"thumbnail";a:3:{s:4:"file";s:20:"wildboar-150x150.jpg";s:5:"width";s:3:"150";s:6:"height";s:3:"150";}s:6:"medium";a:3:{s:4:"file";s:20:"wildboar-300x164.jpg";s:5:"width";s:3:"300";s:6:"height";s:3:"164";}s:5:"large";a:3:{s:4:"file";s:21:"wildboar-1024x562.jpg";s:5:"width";s:4:"1024";s:6:"height";s:3:"562";}}s:10:"image_meta";a:10:{s:8:"aperture";s:3:"3.2";s:6:"credit";s:0:"";s:6:"camera";s:35:"KODAK EasyShare Z981 Digital Camera";s:7:"caption";s:0:"";s:17:"created_timestamp";s:10:"1319056494";s:9:"copyright";s:0:"";s:12:"focal_length";s:3:"7.1";s:3:"iso";s:3:"160";s:13:"shutter_speed";s:5:"0.025";s:5:"title";s:0:"";}}]]></wp:meta_value>
		</wp:postmeta>
	</item>
	<item>
		<title>silverspoon_logo_large</title>
		<link>http://localhost/ss_simon_theme/?attachment_id=105</link>
		<pubDate>Fri, 11 Nov 2011 01:16:56 +0000</pubDate>
		<dc:creator>Joe</dc:creator>
		<guid isPermaLink="false">http://localhost/ss_simon_theme/wp-content/uploads/2011/11/silverspoon_logo_large.png</guid>
		<description></description>
		<content:encoded><![CDATA[]]></content:encoded>
		<excerpt:encoded><![CDATA[]]></excerpt:encoded>
		<wp:post_id>105</wp:post_id>
		<wp:post_date>2011-11-11 01:16:56</wp:post_date>
		<wp:post_date_gmt>2011-11-11 01:16:56</wp:post_date_gmt>
		<wp:comment_status>open</wp:comment_status>
		<wp:ping_status>open</wp:ping_status>
		<wp:post_name>silverspoon_logo_large</wp:post_name>
		<wp:status>inherit</wp:status>
		<wp:post_parent>0</wp:post_parent>
		<wp:menu_order>0</wp:menu_order>
		<wp:post_type>attachment</wp:post_type>
		<wp:post_password></wp:post_password>
		<wp:is_sticky>0</wp:is_sticky>
		<wp:attachment_url>http://localhost/ss_simon_theme/wp-content/uploads/2011/11/silverspoon_logo_large.png</wp:attachment_url>
		<wp:postmeta>
			<wp:meta_key>_wp_attached_file</wp:meta_key>
			<wp:meta_value><![CDATA[2011/11/silverspoon_logo_large.png]]></wp:meta_value>
		</wp:postmeta>
		<wp:postmeta>
			<wp:meta_key>_wp_attachment_metadata</wp:meta_key>
			<wp:meta_value><![CDATA[a:6:{s:5:"width";s:3:"526";s:6:"height";s:3:"100";s:14:"hwstring_small";s:23:"height='24' width='128'";s:4:"file";s:34:"2011/11/silverspoon_logo_large.png";s:5:"sizes";a:2:{s:9:"thumbnail";a:3:{s:4:"file";s:34:"silverspoon_logo_large-150x100.png";s:5:"width";s:3:"150";s:6:"height";s:3:"100";}s:6:"medium";a:3:{s:4:"file";s:33:"silverspoon_logo_large-300x57.png";s:5:"width";s:3:"300";s:6:"height";s:2:"57";}}s:10:"image_meta";a:10:{s:8:"aperture";s:1:"0";s:6:"credit";s:0:"";s:6:"camera";s:0:"";s:7:"caption";s:0:"";s:17:"created_timestamp";s:1:"0";s:9:"copyright";s:0:"";s:12:"focal_length";s:1:"0";s:3:"iso";s:1:"0";s:13:"shutter_speed";s:1:"0";s:5:"title";s:0:"";}}]]></wp:meta_value>
		</wp:postmeta>
	</item>
	<item>
		<title>silverspoon_logo_t</title>
		<link>http://localhost/ss_simon_theme/?attachment_id=106</link>
		<pubDate>Fri, 11 Nov 2011 01:42:29 +0000</pubDate>
		<dc:creator>Joe</dc:creator>
		<guid isPermaLink="false">http://localhost/ss_simon_theme/wp-content/uploads/2011/11/silverspoon_logo_t.png</guid>
		<description></description>
		<content:encoded><![CDATA[]]></content:encoded>
		<excerpt:encoded><![CDATA[]]></excerpt:encoded>
		<wp:post_id>106</wp:post_id>
		<wp:post_date>2011-11-11 01:42:29</wp:post_date>
		<wp:post_date_gmt>2011-11-11 01:42:29</wp:post_date_gmt>
		<wp:comment_status>open</wp:comment_status>
		<wp:ping_status>open</wp:ping_status>
		<wp:post_name>silverspoon_logo_t</wp:post_name>
		<wp:status>inherit</wp:status>
		<wp:post_parent>0</wp:post_parent>
		<wp:menu_order>0</wp:menu_order>
		<wp:post_type>attachment</wp:post_type>
		<wp:post_password></wp:post_password>
		<wp:is_sticky>0</wp:is_sticky>
		<wp:attachment_url>http://localhost/ss_simon_theme/wp-content/uploads/2011/11/silverspoon_logo_t.png</wp:attachment_url>
		<wp:postmeta>
			<wp:meta_key>_wp_attached_file</wp:meta_key>
			<wp:meta_value><![CDATA[2011/11/silverspoon_logo_t.png]]></wp:meta_value>
		</wp:postmeta>
		<wp:postmeta>
			<wp:meta_key>_wp_attachment_metadata</wp:meta_key>
			<wp:meta_value><![CDATA[a:6:{s:5:"width";s:3:"369";s:6:"height";s:2:"70";s:14:"hwstring_small";s:23:"height='24' width='128'";s:4:"file";s:30:"2011/11/silverspoon_logo_t.png";s:5:"sizes";a:2:{s:9:"thumbnail";a:3:{s:4:"file";s:29:"silverspoon_logo_t-150x70.png";s:5:"width";s:3:"150";s:6:"height";s:2:"70";}s:6:"medium";a:3:{s:4:"file";s:29:"silverspoon_logo_t-300x56.png";s:5:"width";s:3:"300";s:6:"height";s:2:"56";}}s:10:"image_meta";a:10:{s:8:"aperture";s:1:"0";s:6:"credit";s:0:"";s:6:"camera";s:0:"";s:7:"caption";s:0:"";s:17:"created_timestamp";s:1:"0";s:9:"copyright";s:0:"";s:12:"focal_length";s:1:"0";s:3:"iso";s:1:"0";s:13:"shutter_speed";s:1:"0";s:5:"title";s:0:"";}}]]></wp:meta_value>
		</wp:postmeta>
	</item>
	<item>
		<title>silverspoon_logo_t</title>
		<link>http://localhost/ss_simon_theme/?attachment_id=107</link>
		<pubDate>Fri, 11 Nov 2011 01:42:50 +0000</pubDate>
		<dc:creator>Joe</dc:creator>
		<guid isPermaLink="false">http://localhost/ss_simon_theme/wp-content/uploads/2011/11/silverspoon_logo_t1.png</guid>
		<description></description>
		<content:encoded><![CDATA[]]></content:encoded>
		<excerpt:encoded><![CDATA[]]></excerpt:encoded>
		<wp:post_id>107</wp:post_id>
		<wp:post_date>2011-11-11 01:42:50</wp:post_date>
		<wp:post_date_gmt>2011-11-11 01:42:50</wp:post_date_gmt>
		<wp:comment_status>open</wp:comment_status>
		<wp:ping_status>open</wp:ping_status>
		<wp:post_name>silverspoon_logo_t-2</wp:post_name>
		<wp:status>inherit</wp:status>
		<wp:post_parent>0</wp:post_parent>
		<wp:menu_order>0</wp:menu_order>
		<wp:post_type>attachment</wp:post_type>
		<wp:post_password></wp:post_password>
		<wp:is_sticky>0</wp:is_sticky>
		<wp:attachment_url>http://localhost/ss_simon_theme/wp-content/uploads/2011/11/silverspoon_logo_t1.png</wp:attachment_url>
		<wp:postmeta>
			<wp:meta_key>_wp_attached_file</wp:meta_key>
			<wp:meta_value><![CDATA[2011/11/silverspoon_logo_t1.png]]></wp:meta_value>
		</wp:postmeta>
		<wp:postmeta>
			<wp:meta_key>_wp_attachment_metadata</wp:meta_key>
			<wp:meta_value><![CDATA[a:6:{s:5:"width";s:3:"369";s:6:"height";s:2:"70";s:14:"hwstring_small";s:23:"height='24' width='128'";s:4:"file";s:31:"2011/11/silverspoon_logo_t1.png";s:5:"sizes";a:2:{s:9:"thumbnail";a:3:{s:4:"file";s:30:"silverspoon_logo_t1-150x70.png";s:5:"width";s:3:"150";s:6:"height";s:2:"70";}s:6:"medium";a:3:{s:4:"file";s:30:"silverspoon_logo_t1-300x56.png";s:5:"width";s:3:"300";s:6:"height";s:2:"56";}}s:10:"image_meta";a:10:{s:8:"aperture";s:1:"0";s:6:"credit";s:0:"";s:6:"camera";s:0:"";s:7:"caption";s:0:"";s:17:"created_timestamp";s:1:"0";s:9:"copyright";s:0:"";s:12:"focal_length";s:1:"0";s:3:"iso";s:1:"0";s:13:"shutter_speed";s:1:"0";s:5:"title";s:0:"";}}]]></wp:meta_value>
		</wp:postmeta>
	</item>
	<item>
		<title>silverspoon_logo_t</title>
		<link>http://localhost/ss_simon_theme/?attachment_id=108</link>
		<pubDate>Fri, 11 Nov 2011 01:44:05 +0000</pubDate>
		<dc:creator>Joe</dc:creator>
		<guid isPermaLink="false">http://localhost/ss_simon_theme/wp-content/uploads/2011/11/silverspoon_logo_t2.png</guid>
		<description></description>
		<content:encoded><![CDATA[]]></content:encoded>
		<excerpt:encoded><![CDATA[]]></excerpt:encoded>
		<wp:post_id>108</wp:post_id>
		<wp:post_date>2011-11-11 01:44:05</wp:post_date>
		<wp:post_date_gmt>2011-11-11 01:44:05</wp:post_date_gmt>
		<wp:comment_status>open</wp:comment_status>
		<wp:ping_status>open</wp:ping_status>
		<wp:post_name>silverspoon_logo_t-3</wp:post_name>
		<wp:status>inherit</wp:status>
		<wp:post_parent>0</wp:post_parent>
		<wp:menu_order>0</wp:menu_order>
		<wp:post_type>attachment</wp:post_type>
		<wp:post_password></wp:post_password>
		<wp:is_sticky>0</wp:is_sticky>
		<wp:attachment_url>http://localhost/ss_simon_theme/wp-content/uploads/2011/11/silverspoon_logo_t2.png</wp:attachment_url>
		<wp:postmeta>
			<wp:meta_key>_wp_attached_file</wp:meta_key>
			<wp:meta_value><![CDATA[2011/11/silverspoon_logo_t2.png]]></wp:meta_value>
		</wp:postmeta>
		<wp:postmeta>
			<wp:meta_key>_wp_attachment_metadata</wp:meta_key>
			<wp:meta_value><![CDATA[a:6:{s:5:"width";s:3:"369";s:6:"height";s:2:"70";s:14:"hwstring_small";s:23:"height='24' width='128'";s:4:"file";s:31:"2011/11/silverspoon_logo_t2.png";s:5:"sizes";a:2:{s:9:"thumbnail";a:3:{s:4:"file";s:30:"silverspoon_logo_t2-150x70.png";s:5:"width";s:3:"150";s:6:"height";s:2:"70";}s:6:"medium";a:3:{s:4:"file";s:30:"silverspoon_logo_t2-300x56.png";s:5:"width";s:3:"300";s:6:"height";s:2:"56";}}s:10:"image_meta";a:10:{s:8:"aperture";s:1:"0";s:6:"credit";s:0:"";s:6:"camera";s:0:"";s:7:"caption";s:0:"";s:17:"created_timestamp";s:1:"0";s:9:"copyright";s:0:"";s:12:"focal_length";s:1:"0";s:3:"iso";s:1:"0";s:13:"shutter_speed";s:1:"0";s:5:"title";s:0:"";}}]]></wp:meta_value>
		</wp:postmeta>
	</item>
	<item>
		<title>silverspoon_logo_t</title>
		<link>http://localhost/ss_simon_theme/?attachment_id=110</link>
		<pubDate>Fri, 11 Nov 2011 02:01:22 +0000</pubDate>
		<dc:creator>Joe</dc:creator>
		<guid isPermaLink="false">http://localhost/ss_simon_theme/wp-content/uploads/2011/11/silverspoon_logo_t3.png</guid>
		<description></description>
		<content:encoded><![CDATA[]]></content:encoded>
		<excerpt:encoded><![CDATA[]]></excerpt:encoded>
		<wp:post_id>110</wp:post_id>
		<wp:post_date>2011-11-11 02:01:22</wp:post_date>
		<wp:post_date_gmt>2011-11-11 02:01:22</wp:post_date_gmt>
		<wp:comment_status>open</wp:comment_status>
		<wp:ping_status>open</wp:ping_status>
		<wp:post_name>silverspoon_logo_t-4</wp:post_name>
		<wp:status>inherit</wp:status>
		<wp:post_parent>0</wp:post_parent>
		<wp:menu_order>0</wp:menu_order>
		<wp:post_type>attachment</wp:post_type>
		<wp:post_password></wp:post_password>
		<wp:is_sticky>0</wp:is_sticky>
		<wp:attachment_url>http://localhost/ss_simon_theme/wp-content/uploads/2011/11/silverspoon_logo_t3.png</wp:attachment_url>
		<wp:postmeta>
			<wp:meta_key>_wp_attached_file</wp:meta_key>
			<wp:meta_value><![CDATA[2011/11/silverspoon_logo_t3.png]]></wp:meta_value>
		</wp:postmeta>
		<wp:postmeta>
			<wp:meta_key>_wp_attachment_metadata</wp:meta_key>
			<wp:meta_value><![CDATA[a:6:{s:5:"width";s:3:"369";s:6:"height";s:2:"70";s:14:"hwstring_small";s:23:"height='24' width='128'";s:4:"file";s:31:"2011/11/silverspoon_logo_t3.png";s:5:"sizes";a:2:{s:9:"thumbnail";a:3:{s:4:"file";s:30:"silverspoon_logo_t3-150x70.png";s:5:"width";s:3:"150";s:6:"height";s:2:"70";}s:6:"medium";a:3:{s:4:"file";s:30:"silverspoon_logo_t3-300x56.png";s:5:"width";s:3:"300";s:6:"height";s:2:"56";}}s:10:"image_meta";a:10:{s:8:"aperture";s:1:"0";s:6:"credit";s:0:"";s:6:"camera";s:0:"";s:7:"caption";s:0:"";s:17:"created_timestamp";s:1:"0";s:9:"copyright";s:0:"";s:12:"focal_length";s:1:"0";s:3:"iso";s:1:"0";s:13:"shutter_speed";s:1:"0";s:5:"title";s:0:"";}}]]></wp:meta_value>
		</wp:postmeta>
	</item>
	<item>
		<title>ron</title>
		<link>http://localhost/ss_simon_theme/?attachment_id=112</link>
		<pubDate>Fri, 11 Nov 2011 02:26:17 +0000</pubDate>
		<dc:creator>Joe</dc:creator>
		<guid isPermaLink="false">http://localhost/ss_simon_theme/wp-content/uploads/2011/10/ron.png</guid>
		<description></description>
		<content:encoded><![CDATA[]]></content:encoded>
		<excerpt:encoded><![CDATA[]]></excerpt:encoded>
		<wp:post_id>112</wp:post_id>
		<wp:post_date>2011-11-11 02:26:17</wp:post_date>
		<wp:post_date_gmt>2011-11-11 02:26:17</wp:post_date_gmt>
		<wp:comment_status>open</wp:comment_status>
		<wp:ping_status>open</wp:ping_status>
		<wp:post_name>ron</wp:post_name>
		<wp:status>inherit</wp:status>
		<wp:post_parent>39</wp:post_parent>
		<wp:menu_order>0</wp:menu_order>
		<wp:post_type>attachment</wp:post_type>
		<wp:post_password></wp:post_password>
		<wp:is_sticky>0</wp:is_sticky>
		<wp:attachment_url>http://localhost/ss_simon_theme/wp-content/uploads/2011/10/ron.png</wp:attachment_url>
		<wp:postmeta>
			<wp:meta_key>_wp_attached_file</wp:meta_key>
			<wp:meta_value><![CDATA[2011/10/ron.png]]></wp:meta_value>
		</wp:postmeta>
		<wp:postmeta>
			<wp:meta_key>_wp_attachment_metadata</wp:meta_key>
			<wp:meta_value><![CDATA[a:6:{s:5:"width";s:3:"163";s:6:"height";s:3:"211";s:14:"hwstring_small";s:22:"height='96' width='74'";s:4:"file";s:15:"2011/10/ron.png";s:5:"sizes";a:1:{s:9:"thumbnail";a:3:{s:4:"file";s:15:"ron-150x150.png";s:5:"width";s:3:"150";s:6:"height";s:3:"150";}}s:10:"image_meta";a:10:{s:8:"aperture";s:1:"0";s:6:"credit";s:0:"";s:6:"camera";s:0:"";s:7:"caption";s:0:"";s:17:"created_timestamp";s:1:"0";s:9:"copyright";s:0:"";s:12:"focal_length";s:1:"0";s:3:"iso";s:1:"0";s:13:"shutter_speed";s:1:"0";s:5:"title";s:0:"";}}]]></wp:meta_value>
		</wp:postmeta>
	</item>
	<item>
		<title>ron</title>
		<link>http://localhost/ss_simon_theme/?attachment_id=114</link>
		<pubDate>Fri, 11 Nov 2011 02:27:32 +0000</pubDate>
		<dc:creator>Joe</dc:creator>
		<guid isPermaLink="false">http://localhost/ss_simon_theme/wp-content/uploads/2011/10/ron1.png</guid>
		<description></description>
		<content:encoded><![CDATA[]]></content:encoded>
		<excerpt:encoded><![CDATA[]]></excerpt:encoded>
		<wp:post_id>114</wp:post_id>
		<wp:post_date>2011-11-11 02:27:32</wp:post_date>
		<wp:post_date_gmt>2011-11-11 02:27:32</wp:post_date_gmt>
		<wp:comment_status>open</wp:comment_status>
		<wp:ping_status>open</wp:ping_status>
		<wp:post_name>ron-2</wp:post_name>
		<wp:status>inherit</wp:status>
		<wp:post_parent>39</wp:post_parent>
		<wp:menu_order>0</wp:menu_order>
		<wp:post_type>attachment</wp:post_type>
		<wp:post_password></wp:post_password>
		<wp:is_sticky>0</wp:is_sticky>
		<wp:attachment_url>http://localhost/ss_simon_theme/wp-content/uploads/2011/10/ron1.png</wp:attachment_url>
		<wp:postmeta>
			<wp:meta_key>_wp_attached_file</wp:meta_key>
			<wp:meta_value><![CDATA[2011/10/ron1.png]]></wp:meta_value>
		</wp:postmeta>
		<wp:postmeta>
			<wp:meta_key>_wp_attachment_metadata</wp:meta_key>
			<wp:meta_value><![CDATA[a:6:{s:5:"width";s:3:"163";s:6:"height";s:3:"211";s:14:"hwstring_small";s:22:"height='96' width='74'";s:4:"file";s:16:"2011/10/ron1.png";s:5:"sizes";a:1:{s:9:"thumbnail";a:3:{s:4:"file";s:16:"ron1-150x150.png";s:5:"width";s:3:"150";s:6:"height";s:3:"150";}}s:10:"image_meta";a:10:{s:8:"aperture";s:1:"0";s:6:"credit";s:0:"";s:6:"camera";s:0:"";s:7:"caption";s:0:"";s:17:"created_timestamp";s:1:"0";s:9:"copyright";s:0:"";s:12:"focal_length";s:1:"0";s:3:"iso";s:1:"0";s:13:"shutter_speed";s:1:"0";s:5:"title";s:0:"";}}]]></wp:meta_value>
		</wp:postmeta>
	</item>
	<item>
		<title>Home_Full</title>
		<link>http://localhost/ss_simon_theme/?page_id=120</link>
		<pubDate>Fri, 11 Nov 2011 03:45:52 +0000</pubDate>
		<dc:creator>Joe</dc:creator>
		<guid isPermaLink="false">http://localhost/ss_simon_theme/?page_id=120</guid>
		<description></description>
		<content:encoded><![CDATA[<div id ="home_feature" class="grid_12 ">
<img src="images/peru.jpg"/>
    <p> The Silverspoon is a New American restaurant and catering business on the Main Line </p>


    <p> We constantly seek out locally grown, organic produce, sustainable fish and humanely raised meats for our menus.     </p>

<a href="#" class="button big">Menus and Information</a>


</div>



<div class="clear"> </div>
<div  id="email_signup" class="grid_5">
    [customcontact form=2]
</div>

<div id="news_post" class="grid_6">
  [tpg_get_posts numerposts=2]
</div>




]]></content:encoded>
		<excerpt:encoded><![CDATA[]]></excerpt:encoded>
		<wp:post_id>120</wp:post_id>
		<wp:post_date>2011-11-11 03:45:52</wp:post_date>
		<wp:post_date_gmt>2011-11-11 03:45:52</wp:post_date_gmt>
		<wp:comment_status>open</wp:comment_status>
		<wp:ping_status>open</wp:ping_status>
		<wp:post_name>home_full</wp:post_name>
		<wp:status>pending</wp:status>
		<wp:post_parent>0</wp:post_parent>
		<wp:menu_order>0</wp:menu_order>
		<wp:post_type>page</wp:post_type>
		<wp:post_password></wp:post_password>
		<wp:is_sticky>0</wp:is_sticky>
		<wp:postmeta>
			<wp:meta_key>_edit_last</wp:meta_key>
			<wp:meta_value><![CDATA[1]]></wp:meta_value>
		</wp:postmeta>
	</item>
	<item>
		<title>Home 3</title>
		<link>http://localhost/ss_simon_theme/?page_id=133</link>
		<pubDate>Fri, 11 Nov 2011 05:27:52 +0000</pubDate>
		<dc:creator>Joe</dc:creator>
		<guid isPermaLink="false">http://localhost/ss_simon_theme/?page_id=133</guid>
		<description></description>
		<content:encoded><![CDATA[<div id ="about" class="grid_4 ">
    <p> The Silverspoon is a New American restaurant and catering business on the Main Line </p>


    <p> We constantly seek out locally grown, organic produce, sustainable fish and humanely raised meats for our menus.     </p>

<a href="#" class="button big">Menus and Information</a>


</div>




<div  id="menus_box" class="grid_4">
   <p> The Silverspoon is a New American restaurant and catering business on the Main Line </p>
</div>

<div id="catering_box" class="grid_3">
    <p> We constantly seek out locally grown, organic produce, sustainable fish and humanely raised meats for our menus.     </p>
</div>
]]></content:encoded>
		<excerpt:encoded><![CDATA[]]></excerpt:encoded>
		<wp:post_id>133</wp:post_id>
		<wp:post_date>2011-11-11 05:27:52</wp:post_date>
		<wp:post_date_gmt>2011-11-11 05:27:52</wp:post_date_gmt>
		<wp:comment_status>open</wp:comment_status>
		<wp:ping_status>open</wp:ping_status>
		<wp:post_name>home-3</wp:post_name>
		<wp:status>pending</wp:status>
		<wp:post_parent>0</wp:post_parent>
		<wp:menu_order>0</wp:menu_order>
		<wp:post_type>page</wp:post_type>
		<wp:post_password></wp:post_password>
		<wp:is_sticky>0</wp:is_sticky>
		<wp:postmeta>
			<wp:meta_key>_edit_last</wp:meta_key>
			<wp:meta_value><![CDATA[1]]></wp:meta_value>
		</wp:postmeta>
	</item>
	<item>
		<title>outside</title>
		<link>http://localhost/ss_simon_theme/?attachment_id=194</link>
		<pubDate>Tue, 15 Nov 2011 05:32:50 +0000</pubDate>
		<dc:creator>Joe</dc:creator>
		<guid isPermaLink="false">http://localhost/ss_simon_theme/wp-content/uploads/2011/10/outside.png</guid>
		<description></description>
		<content:encoded><![CDATA[]]></content:encoded>
		<excerpt:encoded><![CDATA[]]></excerpt:encoded>
		<wp:post_id>194</wp:post_id>
		<wp:post_date>2011-11-15 05:32:50</wp:post_date>
		<wp:post_date_gmt>2011-11-15 05:32:50</wp:post_date_gmt>
		<wp:comment_status>open</wp:comment_status>
		<wp:ping_status>open</wp:ping_status>
		<wp:post_name>outside</wp:post_name>
		<wp:status>inherit</wp:status>
		<wp:post_parent>4</wp:post_parent>
		<wp:menu_order>0</wp:menu_order>
		<wp:post_type>attachment</wp:post_type>
		<wp:post_password></wp:post_password>
		<wp:is_sticky>0</wp:is_sticky>
		<wp:attachment_url>http://localhost/ss_simon_theme/wp-content/uploads/2011/10/outside.png</wp:attachment_url>
		<wp:postmeta>
			<wp:meta_key>_wp_attached_file</wp:meta_key>
			<wp:meta_value><![CDATA[2011/10/outside.png]]></wp:meta_value>
		</wp:postmeta>
		<wp:postmeta>
			<wp:meta_key>_wp_attachment_metadata</wp:meta_key>
			<wp:meta_value><![CDATA[a:6:{s:5:"width";s:3:"431";s:6:"height";s:3:"310";s:14:"hwstring_small";s:23:"height='92' width='128'";s:4:"file";s:19:"2011/10/outside.png";s:5:"sizes";a:2:{s:9:"thumbnail";a:3:{s:4:"file";s:19:"outside-150x150.png";s:5:"width";s:3:"150";s:6:"height";s:3:"150";}s:6:"medium";a:3:{s:4:"file";s:19:"outside-300x215.png";s:5:"width";s:3:"300";s:6:"height";s:3:"215";}}s:10:"image_meta";a:10:{s:8:"aperture";s:1:"0";s:6:"credit";s:0:"";s:6:"camera";s:0:"";s:7:"caption";s:0:"";s:17:"created_timestamp";s:1:"0";s:9:"copyright";s:0:"";s:12:"focal_length";s:1:"0";s:3:"iso";s:1:"0";s:13:"shutter_speed";s:1:"0";s:5:"title";s:0:"";}}]]></wp:meta_value>
		</wp:postmeta>
	</item>
	<item>
		<title>scallops</title>
		<link>http://localhost/ss_simon_theme/?attachment_id=196</link>
		<pubDate>Tue, 15 Nov 2011 05:33:33 +0000</pubDate>
		<dc:creator>Joe</dc:creator>
		<guid isPermaLink="false">http://localhost/ss_simon_theme/wp-content/uploads/2011/10/scallops1.jpg</guid>
		<description></description>
		<content:encoded><![CDATA[]]></content:encoded>
		<excerpt:encoded><![CDATA[]]></excerpt:encoded>
		<wp:post_id>196</wp:post_id>
		<wp:post_date>2011-11-15 05:33:33</wp:post_date>
		<wp:post_date_gmt>2011-11-15 05:33:33</wp:post_date_gmt>
		<wp:comment_status>open</wp:comment_status>
		<wp:ping_status>open</wp:ping_status>
		<wp:post_name>scallops-2</wp:post_name>
		<wp:status>inherit</wp:status>
		<wp:post_parent>4</wp:post_parent>
		<wp:menu_order>0</wp:menu_order>
		<wp:post_type>attachment</wp:post_type>
		<wp:post_password></wp:post_password>
		<wp:is_sticky>0</wp:is_sticky>
		<wp:attachment_url>http://localhost/ss_simon_theme/wp-content/uploads/2011/10/scallops1.jpg</wp:attachment_url>
		<wp:postmeta>
			<wp:meta_key>_wp_attached_file</wp:meta_key>
			<wp:meta_value><![CDATA[2011/10/scallops1.jpg]]></wp:meta_value>
		</wp:postmeta>
		<wp:postmeta>
			<wp:meta_key>_wp_attachment_metadata</wp:meta_key>
			<wp:meta_value><![CDATA[a:6:{s:5:"width";s:3:"400";s:6:"height";s:3:"329";s:14:"hwstring_small";s:23:"height='96' width='116'";s:4:"file";s:21:"2011/10/scallops1.jpg";s:5:"sizes";a:2:{s:9:"thumbnail";a:3:{s:4:"file";s:21:"scallops1-150x150.jpg";s:5:"width";s:3:"150";s:6:"height";s:3:"150";}s:6:"medium";a:3:{s:4:"file";s:21:"scallops1-300x246.jpg";s:5:"width";s:3:"300";s:6:"height";s:3:"246";}}s:10:"image_meta";a:10:{s:8:"aperture";s:3:"3.2";s:6:"credit";s:0:"";s:6:"camera";s:35:"KODAK EasyShare Z981 Digital Camera";s:7:"caption";s:0:"";s:17:"created_timestamp";s:10:"1319045883";s:9:"copyright";s:0:"";s:12:"focal_length";s:3:"6.6";s:3:"iso";s:3:"400";s:13:"shutter_speed";s:5:"0.125";s:5:"title";s:0:"";}}]]></wp:meta_value>
		</wp:postmeta>
	</item>
	<item>
		<title>kabobs</title>
		<link>http://localhost/ss_simon_theme/?attachment_id=222</link>
		<pubDate>Thu, 17 Nov 2011 04:29:33 +0000</pubDate>
		<dc:creator>Joe</dc:creator>
		<guid isPermaLink="false">http://localhost/ss_simon_theme/wp-content/uploads/2011/10/kabobs.png</guid>
		<description></description>
		<content:encoded><![CDATA[]]></content:encoded>
		<excerpt:encoded><![CDATA[]]></excerpt:encoded>
		<wp:post_id>222</wp:post_id>
		<wp:post_date>2011-11-17 04:29:33</wp:post_date>
		<wp:post_date_gmt>2011-11-17 04:29:33</wp:post_date_gmt>
		<wp:comment_status>open</wp:comment_status>
		<wp:ping_status>open</wp:ping_status>
		<wp:post_name>kabobs</wp:post_name>
		<wp:status>inherit</wp:status>
		<wp:post_parent>1</wp:post_parent>
		<wp:menu_order>0</wp:menu_order>
		<wp:post_type>attachment</wp:post_type>
		<wp:post_password></wp:post_password>
		<wp:is_sticky>0</wp:is_sticky>
		<wp:attachment_url>http://localhost/ss_simon_theme/wp-content/uploads/2011/10/kabobs.png</wp:attachment_url>
		<wp:postmeta>
			<wp:meta_key>_wp_attached_file</wp:meta_key>
			<wp:meta_value><![CDATA[2011/10/kabobs.png]]></wp:meta_value>
		</wp:postmeta>
		<wp:postmeta>
			<wp:meta_key>_wp_attachment_metadata</wp:meta_key>
			<wp:meta_value><![CDATA[a:6:{s:5:"width";s:3:"547";s:6:"height";s:3:"259";s:14:"hwstring_small";s:23:"height='60' width='128'";s:4:"file";s:18:"2011/10/kabobs.png";s:5:"sizes";a:3:{s:9:"thumbnail";a:3:{s:4:"file";s:18:"kabobs-150x150.png";s:5:"width";s:3:"150";s:6:"height";s:3:"150";}s:6:"medium";a:3:{s:4:"file";s:18:"kabobs-300x142.png";s:5:"width";s:3:"300";s:6:"height";s:3:"142";}s:14:"post-thumbnail";a:3:{s:4:"file";s:18:"kabobs-150x120.png";s:5:"width";s:3:"150";s:6:"height";s:3:"120";}}s:10:"image_meta";a:10:{s:8:"aperture";s:1:"0";s:6:"credit";s:0:"";s:6:"camera";s:0:"";s:7:"caption";s:0:"";s:17:"created_timestamp";s:1:"0";s:9:"copyright";s:0:"";s:12:"focal_length";s:1:"0";s:3:"iso";s:1:"0";s:13:"shutter_speed";s:1:"0";s:5:"title";s:0:"";}}]]></wp:meta_value>
		</wp:postmeta>
	</item>
	<item>
		<title>chicken</title>
		<link>http://localhost/ss_simon_theme/?attachment_id=292</link>
		<pubDate>Mon, 28 Nov 2011 06:55:37 +0000</pubDate>
		<dc:creator>Joe</dc:creator>
		<guid isPermaLink="false">http://localhost/ss_simon_theme/wp-content/uploads/2011/10/chicken.png</guid>
		<description></description>
		<content:encoded><![CDATA[]]></content:encoded>
		<excerpt:encoded><![CDATA[]]></excerpt:encoded>
		<wp:post_id>292</wp:post_id>
		<wp:post_date>2011-11-28 06:55:37</wp:post_date>
		<wp:post_date_gmt>2011-11-28 06:55:37</wp:post_date_gmt>
		<wp:comment_status>open</wp:comment_status>
		<wp:ping_status>open</wp:ping_status>
		<wp:post_name>chicken</wp:post_name>
		<wp:status>inherit</wp:status>
		<wp:post_parent>4</wp:post_parent>
		<wp:menu_order>0</wp:menu_order>
		<wp:post_type>attachment</wp:post_type>
		<wp:post_password></wp:post_password>
		<wp:is_sticky>0</wp:is_sticky>
		<wp:attachment_url>http://localhost/ss_simon_theme/wp-content/uploads/2011/10/chicken.png</wp:attachment_url>
		<wp:postmeta>
			<wp:meta_key>_wp_attached_file</wp:meta_key>
			<wp:meta_value><![CDATA[2011/10/chicken.png]]></wp:meta_value>
		</wp:postmeta>
		<wp:postmeta>
			<wp:meta_key>_wp_attachment_metadata</wp:meta_key>
			<wp:meta_value><![CDATA[a:6:{s:5:"width";s:3:"432";s:6:"height";s:3:"314";s:14:"hwstring_small";s:23:"height='93' width='128'";s:4:"file";s:19:"2011/10/chicken.png";s:5:"sizes";a:3:{s:9:"thumbnail";a:3:{s:4:"file";s:19:"chicken-150x150.png";s:5:"width";s:3:"150";s:6:"height";s:3:"150";}s:6:"medium";a:3:{s:4:"file";s:19:"chicken-300x218.png";s:5:"width";s:3:"300";s:6:"height";s:3:"218";}s:14:"post-thumbnail";a:3:{s:4:"file";s:19:"chicken-150x120.png";s:5:"width";s:3:"150";s:6:"height";s:3:"120";}}s:10:"image_meta";a:10:{s:8:"aperture";s:1:"0";s:6:"credit";s:0:"";s:6:"camera";s:0:"";s:7:"caption";s:0:"";s:17:"created_timestamp";s:1:"0";s:9:"copyright";s:0:"";s:12:"focal_length";s:1:"0";s:3:"iso";s:1:"0";s:13:"shutter_speed";s:1:"0";s:5:"title";s:0:"";}}]]></wp:meta_value>
		</wp:postmeta>
	</item>
	<item>
		<title>skewers</title>
		<link>http://localhost/ss_simon_theme/?attachment_id=293</link>
		<pubDate>Mon, 28 Nov 2011 06:56:29 +0000</pubDate>
		<dc:creator>Joe</dc:creator>
		<guid isPermaLink="false">http://localhost/ss_simon_theme/wp-content/uploads/2011/10/skewers.png</guid>
		<description></description>
		<content:encoded><![CDATA[]]></content:encoded>
		<excerpt:encoded><![CDATA[]]></excerpt:encoded>
		<wp:post_id>293</wp:post_id>
		<wp:post_date>2011-11-28 06:56:29</wp:post_date>
		<wp:post_date_gmt>2011-11-28 06:56:29</wp:post_date_gmt>
		<wp:comment_status>open</wp:comment_status>
		<wp:ping_status>open</wp:ping_status>
		<wp:post_name>skewers</wp:post_name>
		<wp:status>inherit</wp:status>
		<wp:post_parent>4</wp:post_parent>
		<wp:menu_order>0</wp:menu_order>
		<wp:post_type>attachment</wp:post_type>
		<wp:post_password></wp:post_password>
		<wp:is_sticky>0</wp:is_sticky>
		<wp:attachment_url>http://localhost/ss_simon_theme/wp-content/uploads/2011/10/skewers.png</wp:attachment_url>
		<wp:postmeta>
			<wp:meta_key>_wp_attached_file</wp:meta_key>
			<wp:meta_value><![CDATA[2011/10/skewers.png]]></wp:meta_value>
		</wp:postmeta>
		<wp:postmeta>
			<wp:meta_key>_wp_attachment_metadata</wp:meta_key>
			<wp:meta_value><![CDATA[a:6:{s:5:"width";s:3:"431";s:6:"height";s:3:"310";s:14:"hwstring_small";s:23:"height='92' width='128'";s:4:"file";s:19:"2011/10/skewers.png";s:5:"sizes";a:3:{s:9:"thumbnail";a:3:{s:4:"file";s:19:"skewers-150x150.png";s:5:"width";s:3:"150";s:6:"height";s:3:"150";}s:6:"medium";a:3:{s:4:"file";s:19:"skewers-300x215.png";s:5:"width";s:3:"300";s:6:"height";s:3:"215";}s:14:"post-thumbnail";a:3:{s:4:"file";s:19:"skewers-150x120.png";s:5:"width";s:3:"150";s:6:"height";s:3:"120";}}s:10:"image_meta";a:10:{s:8:"aperture";s:1:"0";s:6:"credit";s:0:"";s:6:"camera";s:0:"";s:7:"caption";s:0:"";s:17:"created_timestamp";s:1:"0";s:9:"copyright";s:0:"";s:12:"focal_length";s:1:"0";s:3:"iso";s:1:"0";s:13:"shutter_speed";s:1:"0";s:5:"title";s:0:"";}}]]></wp:meta_value>
		</wp:postmeta>
	</item>
	<item>
		<title>skewers</title>
		<link>http://localhost/ss_simon_theme/?attachment_id=295</link>
		<pubDate>Mon, 28 Nov 2011 06:56:39 +0000</pubDate>
		<dc:creator>Joe</dc:creator>
		<guid isPermaLink="false">http://localhost/ss_simon_theme/wp-content/uploads/2011/11/skewers-300x215.png</guid>
		<description></description>
		<content:encoded><![CDATA[]]></content:encoded>
		<excerpt:encoded><![CDATA[]]></excerpt:encoded>
		<wp:post_id>295</wp:post_id>
		<wp:post_date>2011-11-28 06:56:39</wp:post_date>
		<wp:post_date_gmt>2011-11-28 06:56:39</wp:post_date_gmt>
		<wp:comment_status>open</wp:comment_status>
		<wp:ping_status>open</wp:ping_status>
		<wp:post_name>skewers-2</wp:post_name>
		<wp:status>inherit</wp:status>
		<wp:post_parent>4</wp:post_parent>
		<wp:menu_order>0</wp:menu_order>
		<wp:post_type>attachment</wp:post_type>
		<wp:post_password></wp:post_password>
		<wp:is_sticky>0</wp:is_sticky>
		<wp:attachment_url>http://localhost/ss_simon_theme/wp-content/uploads/2011/11/skewers-300x215.png</wp:attachment_url>
		<wp:postmeta>
			<wp:meta_key>_wp_attachment_metadata</wp:meta_key>
			<wp:meta_value><![CDATA[a:6:{s:5:"width";s:3:"300";s:6:"height";s:3:"215";s:14:"hwstring_small";s:23:"height='91' width='128'";s:4:"file";s:27:"2011/11/skewers-300x215.png";s:5:"sizes";a:2:{s:9:"thumbnail";a:3:{s:4:"file";s:27:"skewers-300x215-150x150.png";s:5:"width";s:3:"150";s:6:"height";s:3:"150";}s:14:"post-thumbnail";a:3:{s:4:"file";s:27:"skewers-300x215-150x120.png";s:5:"width";s:3:"150";s:6:"height";s:3:"120";}}s:10:"image_meta";a:10:{s:8:"aperture";s:1:"0";s:6:"credit";s:0:"";s:6:"camera";s:0:"";s:7:"caption";s:0:"";s:17:"created_timestamp";s:1:"0";s:9:"copyright";s:0:"";s:12:"focal_length";s:1:"0";s:3:"iso";s:1:"0";s:13:"shutter_speed";s:1:"0";s:5:"title";s:0:"";}}]]></wp:meta_value>
		</wp:postmeta>
	</item>
	<item>
		<title>chicken</title>
		<link>http://localhost/ss_simon_theme/?attachment_id=308</link>
		<pubDate>Mon, 28 Nov 2011 08:26:14 +0000</pubDate>
		<dc:creator>Joe</dc:creator>
		<guid isPermaLink="false">http://localhost/ss_simon_theme/wp-content/uploads/2011/10/chicken1.png</guid>
		<description></description>
		<content:encoded><![CDATA[]]></content:encoded>
		<excerpt:encoded><![CDATA[]]></excerpt:encoded>
		<wp:post_id>308</wp:post_id>
		<wp:post_date>2011-11-28 08:26:14</wp:post_date>
		<wp:post_date_gmt>2011-11-28 08:26:14</wp:post_date_gmt>
		<wp:comment_status>open</wp:comment_status>
		<wp:ping_status>open</wp:ping_status>
		<wp:post_name>chicken-2</wp:post_name>
		<wp:status>inherit</wp:status>
		<wp:post_parent>4</wp:post_parent>
		<wp:menu_order>0</wp:menu_order>
		<wp:post_type>attachment</wp:post_type>
		<wp:post_password></wp:post_password>
		<wp:is_sticky>0</wp:is_sticky>
		<wp:attachment_url>http://localhost/ss_simon_theme/wp-content/uploads/2011/10/chicken1.png</wp:attachment_url>
		<wp:postmeta>
			<wp:meta_key>_wp_attached_file</wp:meta_key>
			<wp:meta_value><![CDATA[2011/10/chicken1.png]]></wp:meta_value>
		</wp:postmeta>
		<wp:postmeta>
			<wp:meta_key>_wp_attachment_metadata</wp:meta_key>
			<wp:meta_value><![CDATA[a:6:{s:5:"width";s:3:"432";s:6:"height";s:3:"314";s:14:"hwstring_small";s:23:"height='93' width='128'";s:4:"file";s:20:"2011/10/chicken1.png";s:5:"sizes";a:3:{s:9:"thumbnail";a:3:{s:4:"file";s:20:"chicken1-150x150.png";s:5:"width";s:3:"150";s:6:"height";s:3:"150";}s:6:"medium";a:3:{s:4:"file";s:20:"chicken1-300x218.png";s:5:"width";s:3:"300";s:6:"height";s:3:"218";}s:14:"post-thumbnail";a:3:{s:4:"file";s:20:"chicken1-150x120.png";s:5:"width";s:3:"150";s:6:"height";s:3:"120";}}s:10:"image_meta";a:10:{s:8:"aperture";s:1:"0";s:6:"credit";s:0:"";s:6:"camera";s:0:"";s:7:"caption";s:0:"";s:17:"created_timestamp";s:1:"0";s:9:"copyright";s:0:"";s:12:"focal_length";s:1:"0";s:3:"iso";s:1:"0";s:13:"shutter_speed";s:1:"0";s:5:"title";s:0:"";}}]]></wp:meta_value>
		</wp:postmeta>
	</item>
	<item>
		<title>World Tour Wednesdays</title>
		<link>http://localhost/ss_simon_theme/?p=1</link>
		<pubDate>Wed, 19 Oct 2011 01:22:15 +0000</pubDate>
		<dc:creator>Joe</dc:creator>
		<guid isPermaLink="false">http://localhost/ss_simon_theme/?p=1</guid>
		<description></description>
		<content:encoded><![CDATA[<p>Every Wednesday, The Silverspoon offers a "World Tour" tasting menu featuring a four course dinner for $35. The menu changes every week as our chefs take us on a culinary tour around the globe. <!--more-->Call the Silverspoon for reservations at 610-688-7646, or join our email newsletter for weekly menus and offers. </p>

<a href="http://localhost/ss_simon_theme/wp-content/uploads/2011/10/kabobs.png"><img src="http://localhost/ss_simon_theme/wp-content/uploads/2011/10/kabobs-300x142.png" alt="" title="kabobs" width="300" height="142" class="alignright size-medium wp-image-222 shadow" /></a>
<p>Take a tour, and receive a passport for every time you travel. Take four tours and the fifth one is on us. It's a great deal, and a terrific treat right in the middle of the work week. Remember to bring your own beer or wine.</p>]]></content:encoded>
		<excerpt:encoded><![CDATA[]]></excerpt:encoded>
		<wp:post_id>1</wp:post_id>
		<wp:post_date>2011-10-19 01:22:15</wp:post_date>
		<wp:post_date_gmt>2011-10-19 01:22:15</wp:post_date_gmt>
		<wp:comment_status>open</wp:comment_status>
		<wp:ping_status>open</wp:ping_status>
		<wp:post_name>hello-world</wp:post_name>
		<wp:status>publish</wp:status>
		<wp:post_parent>0</wp:post_parent>
		<wp:menu_order>0</wp:menu_order>
		<wp:post_type>post</wp:post_type>
		<wp:post_password></wp:post_password>
		<wp:is_sticky>0</wp:is_sticky>
		<category domain="category" nicename="news"><![CDATA[News]]></category>
		<wp:postmeta>
			<wp:meta_key>_edit_last</wp:meta_key>
			<wp:meta_value><![CDATA[1]]></wp:meta_value>
		</wp:postmeta>
		<wp:postmeta>
			<wp:meta_key>_encloseme</wp:meta_key>
			<wp:meta_value><![CDATA[1]]></wp:meta_value>
		</wp:postmeta>
		<wp:postmeta>
			<wp:meta_key>_encloseme</wp:meta_key>
			<wp:meta_value><![CDATA[1]]></wp:meta_value>
		</wp:postmeta>
		<wp:postmeta>
			<wp:meta_key>_encloseme</wp:meta_key>
			<wp:meta_value><![CDATA[1]]></wp:meta_value>
		</wp:postmeta>
		<wp:postmeta>
			<wp:meta_key>_encloseme</wp:meta_key>
			<wp:meta_value><![CDATA[1]]></wp:meta_value>
		</wp:postmeta>
		<wp:postmeta>
			<wp:meta_key>_encloseme</wp:meta_key>
			<wp:meta_value><![CDATA[1]]></wp:meta_value>
		</wp:postmeta>
		<wp:postmeta>
			<wp:meta_key>_encloseme</wp:meta_key>
			<wp:meta_value><![CDATA[1]]></wp:meta_value>
		</wp:postmeta>
		<wp:postmeta>
			<wp:meta_key>_encloseme</wp:meta_key>
			<wp:meta_value><![CDATA[1]]></wp:meta_value>
		</wp:postmeta>
		<wp:postmeta>
			<wp:meta_key>_encloseme</wp:meta_key>
			<wp:meta_value><![CDATA[1]]></wp:meta_value>
		</wp:postmeta>
		<wp:postmeta>
			<wp:meta_key>_encloseme</wp:meta_key>
			<wp:meta_value><![CDATA[1]]></wp:meta_value>
		</wp:postmeta>
		<wp:postmeta>
			<wp:meta_key>_encloseme</wp:meta_key>
			<wp:meta_value><![CDATA[1]]></wp:meta_value>
		</wp:postmeta>
		<wp:postmeta>
			<wp:meta_key>_thumbnail_id</wp:meta_key>
			<wp:meta_value><![CDATA[222]]></wp:meta_value>
		</wp:postmeta>
		<wp:postmeta>
			<wp:meta_key>_encloseme</wp:meta_key>
			<wp:meta_value><![CDATA[1]]></wp:meta_value>
		</wp:postmeta>
		<wp:comment>
			<wp:comment_id>1</wp:comment_id>
			<wp:comment_author><![CDATA[Mr WordPress]]></wp:comment_author>
			<wp:comment_author_email></wp:comment_author_email>
			<wp:comment_author_url>http://wordpress.org/</wp:comment_author_url>
			<wp:comment_author_IP></wp:comment_author_IP>
			<wp:comment_date>2011-10-19 01:22:15</wp:comment_date>
			<wp:comment_date_gmt>2011-10-19 01:22:15</wp:comment_date_gmt>
			<wp:comment_content><![CDATA[Hi, this is a comment.<br />To delete a comment, just log in and view the post&#039;s comments. There you will have the option to edit or delete them.]]></wp:comment_content>
			<wp:comment_approved>1</wp:comment_approved>
			<wp:comment_type></wp:comment_type>
			<wp:comment_parent>0</wp:comment_parent>
			<wp:comment_user_id>0</wp:comment_user_id>
		</wp:comment>
		<wp:comment>
			<wp:comment_id>2</wp:comment_id>
			<wp:comment_author><![CDATA[Fritz]]></wp:comment_author>
			<wp:comment_author_email>fritz@yahoo.com</wp:comment_author_email>
			<wp:comment_author_url></wp:comment_author_url>
			<wp:comment_author_IP>127.0.0.1</wp:comment_author_IP>
			<wp:comment_date>2011-11-17 04:31:51</wp:comment_date>
			<wp:comment_date_gmt>2011-11-17 04:31:51</wp:comment_date_gmt>
			<wp:comment_content><![CDATA[unforgivable]]></wp:comment_content>
			<wp:comment_approved>1</wp:comment_approved>
			<wp:comment_type></wp:comment_type>
			<wp:comment_parent>0</wp:comment_parent>
			<wp:comment_user_id>0</wp:comment_user_id>
		</wp:comment>
	</item>
	<item>
		<title>Sample Page</title>
		<link>http://localhost/ss_simon_theme/?page_id=2</link>
		<pubDate>Wed, 19 Oct 2011 01:22:15 +0000</pubDate>
		<dc:creator>Joe</dc:creator>
		<guid isPermaLink="false">http://localhost/ss_simon_theme/?page_id=2</guid>
		<description></description>
		<content:encoded><![CDATA[This is an example page. It's different from a blog post because it will stay in one place and will show up in your site navigation (in most themes). Most people start with an About page that introduces them to potential site visitors. It might say something like this:

<blockquote>Hi there! I'm a bike messenger by day, aspiring actor by night, and this is my blog. I live in Los Angeles, have a great dog named Jack, and I like pi&#241;a coladas. (And gettin' caught in the rain.)</blockquote>

...or something like this:

<blockquote>The XYZ Doohickey Company was founded in 1971, and has been providing quality doohickies to the public ever since. Located in Gotham City, XYZ employs over 2,000 people and does all kinds of awesome things for the Gotham community.</blockquote>

As a new WordPress user, you should go to <a href="http://localhost/ss_simon_theme/wp-admin/">your dashboard</a> to delete this page and create new pages for your content. Have fun!]]></content:encoded>
		<excerpt:encoded><![CDATA[]]></excerpt:encoded>
		<wp:post_id>2</wp:post_id>
		<wp:post_date>2011-10-19 01:22:15</wp:post_date>
		<wp:post_date_gmt>2011-10-19 01:22:15</wp:post_date_gmt>
		<wp:comment_status>open</wp:comment_status>
		<wp:ping_status>open</wp:ping_status>
		<wp:post_name>sample-page</wp:post_name>
		<wp:status>trash</wp:status>
		<wp:post_parent>0</wp:post_parent>
		<wp:menu_order>0</wp:menu_order>
		<wp:post_type>page</wp:post_type>
		<wp:post_password></wp:post_password>
		<wp:is_sticky>0</wp:is_sticky>
		<wp:postmeta>
			<wp:meta_key>_wp_page_template</wp:meta_key>
			<wp:meta_value><![CDATA[default]]></wp:meta_value>
		</wp:postmeta>
		<wp:postmeta>
			<wp:meta_key>_wp_trash_meta_status</wp:meta_key>
			<wp:meta_value><![CDATA[publish]]></wp:meta_value>
		</wp:postmeta>
		<wp:postmeta>
			<wp:meta_key>_wp_trash_meta_time</wp:meta_key>
			<wp:meta_value><![CDATA[1318989013]]></wp:meta_value>
		</wp:postmeta>
	</item>
	<item>
		<title>About</title>
		<link>http://localhost/ss_simon_theme/?page_id=4</link>
		<pubDate>Wed, 19 Oct 2011 01:47:05 +0000</pubDate>
		<dc:creator>Joe</dc:creator>
		<guid isPermaLink="false">http://localhost/ss_simon_theme/?page_id=4</guid>
		<description></description>
		<content:encoded><![CDATA[<p><img src="http://localhost/ss_simon_theme/wp-content/uploads/2011/10/skewers-300x215.png" alt="" title="skewers" width="300" height="215" class="alignleft size-medium wp-image-293 grey_border" style="margin-right: 8px;">At the Silverspoon, each day begins long before our doors open. Seasonal produce, much of it locally grown and organic, is being unloaded. Fish arrives fresh from sustainable and best-practice fisheries. Humanely, farm raised meats and whole poultry are carefully trimmed, and prepared. Our classically trained chefs are busy orchestrating dishes which weave this daily bounty into a Contemporary American treat for your palate.</p>

<p>The casual atmosphere features large windows that flood the room with sun during the day, and transforms evening into a relaxed candle-lit dining experience. But the food provides the essential colors here. In fact, dining at The Silverspoon is a treat for all your senses, from our sumptuous starters through our irresistible desserts.</p>

<br/>
<p><a href="http://localhost/ss_simon_theme/wp-content/uploads/2011/10/chicken1.png"><img src="http://localhost/ss_simon_theme/wp-content/uploads/2011/10/chicken1-300x218.png" alt="" title="chicken" width="300" height="218" class="alignright size-medium wp-image-308 grey_border" /></a>Service is warm and professional. Bring your own bottle and we'll serve it in classic crystal stemware with no corkage fee. Your server works closely with the kitchen and will cheerfully answer any questions you may have about the menu.</p>

<P>We hope to see you soon. The management does suggest dinner reservations especially for the weekend and for parties of 5 or more.</P>]]></content:encoded>
		<excerpt:encoded><![CDATA[]]></excerpt:encoded>
		<wp:post_id>4</wp:post_id>
		<wp:post_date>2011-10-19 01:47:05</wp:post_date>
		<wp:post_date_gmt>2011-10-19 01:47:05</wp:post_date_gmt>
		<wp:comment_status>open</wp:comment_status>
		<wp:ping_status>closed</wp:ping_status>
		<wp:post_name>about</wp:post_name>
		<wp:status>publish</wp:status>
		<wp:post_parent>0</wp:post_parent>
		<wp:menu_order>2</wp:menu_order>
		<wp:post_type>page</wp:post_type>
		<wp:post_password></wp:post_password>
		<wp:is_sticky>0</wp:is_sticky>
		<wp:postmeta>
			<wp:meta_key>_edit_last</wp:meta_key>
			<wp:meta_value><![CDATA[1]]></wp:meta_value>
		</wp:postmeta>
		<wp:postmeta>
			<wp:meta_key>_wp_page_template</wp:meta_key>
			<wp:meta_value><![CDATA[default]]></wp:meta_value>
		</wp:postmeta>
		<wp:postmeta>
			<wp:meta_key>_thumbnail_id</wp:meta_key>
			<wp:meta_value><![CDATA[295]]></wp:meta_value>
		</wp:postmeta>
	</item>
	<item>
		<title>Contact Us</title>
		<link>http://localhost/ss_simon_theme/?page_id=6</link>
		<pubDate>Wed, 19 Oct 2011 01:48:18 +0000</pubDate>
		<dc:creator>Joe</dc:creator>
		<guid isPermaLink="false">http://localhost/ss_simon_theme/?page_id=6</guid>
		<description></description>
		<content:encoded><![CDATA[  <div class="grid_5">
    <h4 class="red"> Come visit the Silverspoon. </h4>
      <p> We're located in Eagle Village Shops in Wayne, PA. Our address is:</p> 

      <p> <strong>503 W. Lancaster Ave. Wayne PA 19087</strong><p>

      <p class="red"> <strong> Hours </strong> </p>
        <p> Breakfast/Lunch 10AM - 3PM </p>
       <p> Dinner Tue-Sat 5:30PM - 10pm </p>
        <p>Brunch Sat & Sun 11am - 3pm </p>


       </div>
   
<div class="grid_5">
    <script src="http://www.gmodules.com/ig/ifr?url=http://hosting.gmodules.com/ig/gadgets/file/114281111391296844949/driving-directions.xml&amp;up_fromLocation=&amp;up_myLocations=503%20W%20Lancaster%20Ave.%20Wayne%2C%20PA&amp;up_defaultDirectionsType=&amp;up_autoExpand=&amp;synd=open&amp;w=320&amp;h=55&amp;title=Get+Directions+to+the+Silverspoon&amp;brand=light&amp;lang=en&amp;country=US&amp;border=%23ffffff%7C3px%2C1px+solid+%23999999&amp;output=js"></script>
</div>

   <div class="grid_5 " id="email_form">
      [customcontact form=1]
   </div>


   
  <div class="clear"></div>



 
]]></content:encoded>
		<excerpt:encoded><![CDATA[]]></excerpt:encoded>
		<wp:post_id>6</wp:post_id>
		<wp:post_date>2011-10-19 01:48:18</wp:post_date>
		<wp:post_date_gmt>2011-10-19 01:48:18</wp:post_date_gmt>
		<wp:comment_status>open</wp:comment_status>
		<wp:ping_status>closed</wp:ping_status>
		<wp:post_name>contact</wp:post_name>
		<wp:status>publish</wp:status>
		<wp:post_parent>0</wp:post_parent>
		<wp:menu_order>5</wp:menu_order>
		<wp:post_type>page</wp:post_type>
		<wp:post_password></wp:post_password>
		<wp:is_sticky>0</wp:is_sticky>
		<wp:postmeta>
			<wp:meta_key>_edit_last</wp:meta_key>
			<wp:meta_value><![CDATA[1]]></wp:meta_value>
		</wp:postmeta>
		<wp:postmeta>
			<wp:meta_key>_wp_page_template</wp:meta_key>
			<wp:meta_value><![CDATA[default]]></wp:meta_value>
		</wp:postmeta>
	</item>
	<item>
		<title>News</title>
		<link>http://localhost/ss_simon_theme/?page_id=8</link>
		<pubDate>Wed, 19 Oct 2011 01:48:33 +0000</pubDate>
		<dc:creator>Joe</dc:creator>
		<guid isPermaLink="false">http://localhost/ss_simon_theme/?page_id=8</guid>
		<description></description>
		<content:encoded><![CDATA[]]></content:encoded>
		<excerpt:encoded><![CDATA[]]></excerpt:encoded>
		<wp:post_id>8</wp:post_id>
		<wp:post_date>2011-10-19 01:48:33</wp:post_date>
		<wp:post_date_gmt>2011-10-19 01:48:33</wp:post_date_gmt>
		<wp:comment_status>open</wp:comment_status>
		<wp:ping_status>closed</wp:ping_status>
		<wp:post_name>home</wp:post_name>
		<wp:status>publish</wp:status>
		<wp:post_parent>0</wp:post_parent>
		<wp:menu_order>5</wp:menu_order>
		<wp:post_type>page</wp:post_type>
		<wp:post_password></wp:post_password>
		<wp:is_sticky>0</wp:is_sticky>
		<wp:postmeta>
			<wp:meta_key>_edit_last</wp:meta_key>
			<wp:meta_value><![CDATA[1]]></wp:meta_value>
		</wp:postmeta>
		<wp:postmeta>
			<wp:meta_key>_wp_page_template</wp:meta_key>
			<wp:meta_value><![CDATA[default]]></wp:meta_value>
		</wp:postmeta>
	</item>
	<item>
		<title>Menus</title>
		<link>http://localhost/ss_simon_theme/?page_id=12</link>
		<pubDate>Wed, 19 Oct 2011 01:50:30 +0000</pubDate>
		<dc:creator>Joe</dc:creator>
		<guid isPermaLink="false">http://localhost/ss_simon_theme/?page_id=12</guid>
		<description></description>
		<content:encoded><![CDATA[<h2> Dinner Menu - Fall 2011</h2>
<div id="menu_wrapper">

<br/>
	<p><strong> Starters </strong></p>
		<p>Steamed mussels, tomato, fennel, grill bread</p>
		<p>Shrimp stuffed risotto balls, tomato jus, balsamic onions</p>  
		<p>Trio of dips, hummus, artichoke, baba ganoush, pita</p>

	<p><strong>Soups and Salads</strong></p>
		<p>Soup du Jour  </p>
		<p>Wild mushroom soup, fennel crouton, chili oil </p>
		<p>Poached wild shrimp, chickpea, feta, watercress, citrus vinaigrette  </p>
		<p>Caesar Salad, romaine, romano tuilles, anchovy     
		Mixed greens, pickled red onions, cucumber, 
		balsamic vinaigrette  
		Spinach, goat cheese, beets, walnuts, bacon, 
		red wine vinaigrette  </p>

		add chicken     add shrimp or salmon cake 

		<p><strong> Late Breakfast</strong> </p>

		<p>Scramble of the day, house potatoes </p> 
			<p>Crab Omelette, watercress, roasted peppers, artichoke pesto house potatoes </p> 
			<p>Wild mushroom benedict, truffled mornay, spinach, 
			house potatoes </p> 
			<p>French toast, stuffed brioche, cinnamon whipped cream, apple sage compote </p>

		<p><strong> Flatbread of the day </strong></p>

		<p> <strong>Sandwiches</strong> </p>
			<p>Country ham and gruyere melt, apple sage compote, 
				pita    w/egg mornay  </p>
			<p>BLT, carmelized pepper bacon, romaine, oven dried tomato, aioli, pumpernickel </p> 
			<p>add egg    add turkey    add chicken </p>
			<p>Shrimp salad, celery root-apple slaw, toasted brioche  </p>
			<p>Grilled chicken, baba ganoush, roasted red pepper, 
		      goat cheese, balsamic reduction, wrap </p> 
			<p>Chicken salad, romaine, cranberry chutney, whole wheat </p>
			<p>Veggie wrap, artichoke, eggplant, spinach, feta, 
		      chickpea puree, wrap  </p>
			<p>Roasted turkey breast, spinach, artichoke pesto, 
		      roasted red peppers, white  </p>
			<p>Silverberger: grass fed beef, onion jam, oven dried tomatoes, romaine, aioli, gruyere, brioche</p> 
			add bacon    add mushrooms    add egg mornay 

		<p> <strong>Main Course </strong></p>

				<p>Squash Fettucine alfredo, wild mushrooms,                                                                   sage winter squash cream sauce  </p>
				<p>Roasted Chicken breast, carmelized grape risotto, 
				thyme demi  </p>
				<p>Spinach risotto, artichokes, mozzarella, roasted 
				red peppers  </p>			
				<p>Crispy salmon cake, sweet potato carrot mash, celery 
				root-apple slaw, squash jus   </p>

		<p> <strong>Sides</strong> </p>
			<p>Carmelized pepper bacon</p>    
			<p>House potatoes with mornay  </p>
			<p>Potato chips</p>  		
			<p>Truffle fries </p> 			
			</p>Market vegetable</p>

</div>]]></content:encoded>
		<excerpt:encoded><![CDATA[]]></excerpt:encoded>
		<wp:post_id>12</wp:post_id>
		<wp:post_date>2011-10-19 01:50:30</wp:post_date>
		<wp:post_date_gmt>2011-10-19 01:50:30</wp:post_date_gmt>
		<wp:comment_status>open</wp:comment_status>
		<wp:ping_status>closed</wp:ping_status>
		<wp:post_name>menus</wp:post_name>
		<wp:status>publish</wp:status>
		<wp:post_parent>0</wp:post_parent>
		<wp:menu_order>3</wp:menu_order>
		<wp:post_type>page</wp:post_type>
		<wp:post_password></wp:post_password>
		<wp:is_sticky>0</wp:is_sticky>
		<wp:postmeta>
			<wp:meta_key>_edit_last</wp:meta_key>
			<wp:meta_value><![CDATA[1]]></wp:meta_value>
		</wp:postmeta>
		<wp:postmeta>
			<wp:meta_key>_wp_page_template</wp:meta_key>
			<wp:meta_value><![CDATA[default]]></wp:meta_value>
		</wp:postmeta>
	</item>
	<item>
		<title>Home</title>
		<link>http://localhost/ss_simon_theme/</link>
		<pubDate>Fri, 21 Oct 2011 02:52:20 +0000</pubDate>
		<dc:creator>Joe</dc:creator>
		<guid isPermaLink="false">http://localhost/ss_simon_theme/?page_id=14</guid>
		<description></description>
		<content:encoded><![CDATA[<div id ="home_feature" class="grid_7 ">
    <p> The Silverspoon is a New American restaurant and catering business on the Main Line </p>


    <p> We constantly seek out locally grown, organic produce, sustainable fish and humanely raised meats for our menus.     </p>

<a href="#" class="button big">Menus and Information</a>


</div>

<div id="home_image" class="grid_4">


</div>

<div class="clear"> </div>
<div class="grid_5">
    [customcontact form=2]
</div>

<div class="grid_6 alignright">
  [tpg_get_posts numerposts=2]
</div>




]]></content:encoded>
		<excerpt:encoded><![CDATA[]]></excerpt:encoded>
		<wp:post_id>14</wp:post_id>
		<wp:post_date>2011-10-21 02:52:20</wp:post_date>
		<wp:post_date_gmt>2011-10-21 02:52:20</wp:post_date_gmt>
		<wp:comment_status>open</wp:comment_status>
		<wp:ping_status>closed</wp:ping_status>
		<wp:post_name>home-2</wp:post_name>
		<wp:status>publish</wp:status>
		<wp:post_parent>0</wp:post_parent>
		<wp:menu_order>1</wp:menu_order>
		<wp:post_type>page</wp:post_type>
		<wp:post_password></wp:post_password>
		<wp:is_sticky>0</wp:is_sticky>
		<wp:postmeta>
			<wp:meta_key>_edit_last</wp:meta_key>
			<wp:meta_value><![CDATA[1]]></wp:meta_value>
		</wp:postmeta>
		<wp:postmeta>
			<wp:meta_key>_wp_page_template</wp:meta_key>
			<wp:meta_value><![CDATA[default]]></wp:meta_value>
		</wp:postmeta>
	</item>
	<item>
		<title>Brunch Menu </title>
		<link>http://localhost/ss_simon_theme/?page_id=20</link>
		<pubDate>Fri, 21 Oct 2011 05:01:01 +0000</pubDate>
		<dc:creator>Joe</dc:creator>
		<guid isPermaLink="false">http://localhost/ss_simon_theme/?page_id=20</guid>
		<description></description>
		<content:encoded><![CDATA[                                                                     
                                                                     
     

  <div class="grid_5">
	<p><strong>Starters</strong></p>
			<p>House cornbread, whipped honey butter </p> 
			<p>Cup of fruit and yogurt  </p>
			<p>Biscuits and Gravy  </p>                                                             
                                             
	<p><strong>Soups and Salads</strong></p>
			<p>Soup du Jour </p>
			<p>Wild mushroom bisque, fennel croutons, chili oil </p>
			<p>Poached wild shrimp, chickpea, feta, watercress, 
			citrus viniagrette</p> 
			<p>Caesar Salad, romaine, anchovy, romano tuille 
			Mixed greens, pickled red onions, cucumber,  
			balsamic vinaigrette </p>
			<p>Spinach, goat cheese, beets, walnuts, bacon, 
			red wine vinaigrette </p>
			<p>add chicken   add shrimp or salmon cake </p>
               <p><strong>Sides</strong>
			<p>Carmelized pepper bacon </p>
			<p>House chips </p>
			<p>House potatoes </p>
			<p>Toasted bagel </p>
			<p>Twin eggs and mornay </p>
			<p>Truffle fries </p>
  </div>
	


  <div class="grid_5">
	<p><strong>Main Course</strong></p>
		<p>Silverspoon scramble of the day, house potatoes  </p>
		<p>Crab Omelette, watercress, roasted red peppers,        artichoke pestp, house potatoes  </p>
		<p>Wild mushroom benedict, spinach, truffled mornay,    poached eggs, house potatoes  </p>
		<p>Eggs benedict, ham, onion jam, hollandaise, poached eggs, house potatoes  </p>
		<p>Biscuits and venison gravy, bacon marmalade, 
		spiced fried eggs  </p>
		<p>Smoked whitefish salad, toasted bagel, hard boiled egg, cucumber, red onions, capers  </p>
		<p>Fench toast, brioche stuffed with apples, cinnamon whipped cream, apple sage compote </p> 
		<p>Smoked pork belly hash, apples, yams, brussel sprouts, butternut squash, fried eggs  
		Crispy salmon cake, market vegetables, hollondaise, concasse of fresh crab</p>



		

    </div>                                      


]]></content:encoded>
		<excerpt:encoded><![CDATA[]]></excerpt:encoded>
		<wp:post_id>20</wp:post_id>
		<wp:post_date>2011-10-21 05:01:01</wp:post_date>
		<wp:post_date_gmt>2011-10-21 05:01:01</wp:post_date_gmt>
		<wp:comment_status>open</wp:comment_status>
		<wp:ping_status>closed</wp:ping_status>
		<wp:post_name>dinner-menu</wp:post_name>
		<wp:status>publish</wp:status>
		<wp:post_parent>12</wp:post_parent>
		<wp:menu_order>0</wp:menu_order>
		<wp:post_type>page</wp:post_type>
		<wp:post_password></wp:post_password>
		<wp:is_sticky>0</wp:is_sticky>
		<wp:postmeta>
			<wp:meta_key>_edit_last</wp:meta_key>
			<wp:meta_value><![CDATA[1]]></wp:meta_value>
		</wp:postmeta>
		<wp:postmeta>
			<wp:meta_key>_wp_page_template</wp:meta_key>
			<wp:meta_value><![CDATA[default]]></wp:meta_value>
		</wp:postmeta>
	</item>
	<item>
		<title>Lunch Menu</title>
		<link>http://localhost/ss_simon_theme/?page_id=24</link>
		<pubDate>Fri, 21 Oct 2011 05:02:08 +0000</pubDate>
		<dc:creator>Joe</dc:creator>
		<guid isPermaLink="false">http://localhost/ss_simon_theme/?page_id=24</guid>
		<description></description>
		<content:encoded><![CDATA[<div class="grid_5">
	<p><strong> Starters </strong></p>
		<p>Steamed mussels, tomato, fennel, grill bread</p>
		<p>Shrimp stuffed risotto balls, tomato jus, balsamic onions</p>  
		<p>Trio of dips, hummus, artichoke, baba ganoush, pita</p>

	<p><strong>Soups and Salads</strong></p>
		<p>Soup du Jour  </p>
		<p>Wild mushroom soup, fennel crouton, chili oil </p>
		<p>Poached wild shrimp, chickpea, feta, watercress, citrus vinaigrette  </p>
		<p>Caesar Salad, romaine, romano tuilles, anchovy     
		Mixed greens, pickled red onions, cucumber, 
		balsamic vinaigrette  
		Spinach, goat cheese, beets, walnuts, bacon, 
		red wine vinaigrette  </p>

		add chicken     add shrimp or salmon cake 

		<p><strong> Late Breakfast</strong> </p>

		<p>Scramble of the day, house potatoes </p> 
			<p>Crab Omelette, watercress, roasted peppers, artichoke pesto house potatoes </p> 
			<p>Wild mushroom benedict, truffled mornay, spinach, 
			house potatoes </p> 
			<p>French toast, stuffed brioche, cinnamon whipped cream, apple sage compote </p>

		<p><strong> Flatbread of the day </strong></p>
</div>
<div class="grid_5">
		<p> <strong>Sandwiches</strong> </p>
			<p>Country ham and gruyere melt, apple sage compote, 
				pita    w/egg mornay  </p>
			<p>BLT, carmelized pepper bacon, romaine, oven dried tomato, aioli, pumpernickel </p> 
			<p>add egg    add turkey    add chicken </p>
			<p>Shrimp salad, celery root-apple slaw, toasted brioche  </p>
			<p>Grilled chicken, baba ganoush, roasted red pepper, 
		      goat cheese, balsamic reduction, wrap </p> 
			<p>Chicken salad, romaine, cranberry chutney, whole wheat </p>
			<p>Veggie wrap, artichoke, eggplant, spinach, feta, 
		      chickpea puree, wrap  </p>
			<p>Roasted turkey breast, spinach, artichoke pesto, 
		      roasted red peppers, white  </p>
			<p>Silverberger: grass fed beef, onion jam, oven dried tomatoes, romaine, aioli, gruyere, brioche</p> 
			add bacon    add mushrooms    add egg mornay 

		<p> <strong>Main Course </strong></p>

				<p>Squash Fettucine alfredo, wild mushrooms,                                                                   sage winter squash cream sauce  </p>
				<p>Roasted Chicken breast, carmelized grape risotto, 
				thyme demi  </p>
				<p>Spinach risotto, artichokes, mozzarella, roasted 
				red peppers  </p>			
				<p>Crispy salmon cake, sweet potato carrot mash, celery 
				root-apple slaw, squash jus   </p>

		<p> <strong>Sides</strong> </p>
			<p>Carmelized pepper bacon</p>    
			<p>House potatoes with mornay  </p>
			<p>Potato chips</p>  		
			<p>Truffle fries </p> 			
			</p>Market vegetable</p>

</div>]]></content:encoded>
		<excerpt:encoded><![CDATA[]]></excerpt:encoded>
		<wp:post_id>24</wp:post_id>
		<wp:post_date>2011-10-21 05:02:08</wp:post_date>
		<wp:post_date_gmt>2011-10-21 05:02:08</wp:post_date_gmt>
		<wp:comment_status>open</wp:comment_status>
		<wp:ping_status>open</wp:ping_status>
		<wp:post_name>lunch-menu</wp:post_name>
		<wp:status>publish</wp:status>
		<wp:post_parent>12</wp:post_parent>
		<wp:menu_order>0</wp:menu_order>
		<wp:post_type>page</wp:post_type>
		<wp:post_password></wp:post_password>
		<wp:is_sticky>0</wp:is_sticky>
		<wp:postmeta>
			<wp:meta_key>_edit_last</wp:meta_key>
			<wp:meta_value><![CDATA[1]]></wp:meta_value>
		</wp:postmeta>
	</item>
	<item>
		<title>Dinner Menu</title>
		<link>http://localhost/ss_simon_theme/?page_id=26</link>
		<pubDate>Fri, 21 Oct 2011 05:02:39 +0000</pubDate>
		<dc:creator>Joe</dc:creator>
		<guid isPermaLink="false">http://localhost/ss_simon_theme/?page_id=26</guid>
		<description></description>
		<content:encoded><![CDATA[     <div class="grid_5">              
	<p><strong>Starter</strong></p>
		<p>Artisinal cheese plate, mostarda, mixed nuts, crostini  </p>  
		<p>Wild boar sausage, braised cabbage, mustard vinaigrette, pickled onions  
		Spinach risotto, mozzarella, roasted peppers</p>  
		<p>Smoked whitefish rillette, pumpernickel toast points, cranberry chutney  
		Steamed Mussels, tomato, fennel, garlic toast  </p>


	<p><strong>Soup and Salad</strong></p>
		<p>Soup du jour  </p>
		<p>Wild mushroom bisque, fennel croutons, chili oil  </p>
		<p>Caesar Salad, romaine, romano tuilles, anchovy  
		Mixed greens, pickled red onions, cucumber,          balsamic vinaigrette</p>  
		<p>Spinach, goat cheese, beets, walnuts, chopped bacon,    red wine vinaigrette </p> 
		<p>Poached wild shrimp, chickpea, feta, watercress,       citrus vinaigrette  </p>
		<p>add chicken     add shrimp or salmon cake </p>

		<p><strong>Flatbread</strong></p>
			<p>BBQ chicken, bacon marmalade, goat cheese, 
		          watercress, onion jam  </p>
		<p>Flatbread of the Day </p> 
</div>

<div class="grid_5">
		<p><strong>Main Course</strong></p>
			<p>Pork osso bucco, pumpkin grits, truffle duxelle, 
			cippolinni onions, natural jus  </p>
			<p>Roasted frenched chicken breast, roasted grape risotto, fresh herb demi  </p>
			<p>Squash fettucini alfredo, wild mushrooms, winter squash and sage cream </p> 
			<p>House made gnocchi, venison ragout, caramelized bacon, 
				pecorino romano</p>  
			<p>Crispy salmon, celery root and apple puree, farro, brussel sprouts, fall relish </p> 
			<p>Catch of the day </p> 
			<p>Pan seared scallops, cauliflower, grilled radicchio, spiced walnuts, citrus reduction </p> 
			<p>Grilled beef petite tender, parsnip puree, broccoli rabe, port wine reduction  </p>
			<p>Stuffed Quail, wild rice, dried cherry, parsnips, sweet potato-carrot mash, thyme jus </p>    
			<p>Five Course Chef Tasting Menu  
			(we do request the whole table’s participation)</p>


			<p>Sides</p>
				<p>Pumpkin grits </p>
				<p>Sweet potato-carrot mash </p>
				<p>Brussel sprouts and bacon </p>
				<p>Creamed spinach </p>
				<p>Grilled broccoli rabe </p>
				<p>Market vegetables </p>	

	

</div>
]]></content:encoded>
		<excerpt:encoded><![CDATA[]]></excerpt:encoded>
		<wp:post_id>26</wp:post_id>
		<wp:post_date>2011-10-21 05:02:39</wp:post_date>
		<wp:post_date_gmt>2011-10-21 05:02:39</wp:post_date_gmt>
		<wp:comment_status>open</wp:comment_status>
		<wp:ping_status>open</wp:ping_status>
		<wp:post_name>dinner-menu-2</wp:post_name>
		<wp:status>publish</wp:status>
		<wp:post_parent>12</wp:post_parent>
		<wp:menu_order>0</wp:menu_order>
		<wp:post_type>page</wp:post_type>
		<wp:post_password></wp:post_password>
		<wp:is_sticky>0</wp:is_sticky>
		<wp:postmeta>
			<wp:meta_key>_edit_last</wp:meta_key>
			<wp:meta_value><![CDATA[1]]></wp:meta_value>
		</wp:postmeta>
	</item>
	<item>
		<title>About Us</title>
		<link>http://localhost/ss_simon_theme/?page_id=37</link>
		<pubDate>Fri, 21 Oct 2011 05:05:28 +0000</pubDate>
		<dc:creator>Joe</dc:creator>
		<guid isPermaLink="false">http://localhost/ss_simon_theme/?page_id=37</guid>
		<description></description>
		<content:encoded><![CDATA[About page, FAQ here.]]></content:encoded>
		<excerpt:encoded><![CDATA[]]></excerpt:encoded>
		<wp:post_id>37</wp:post_id>
		<wp:post_date>2011-10-21 05:05:28</wp:post_date>
		<wp:post_date_gmt>2011-10-21 05:05:28</wp:post_date_gmt>
		<wp:comment_status>open</wp:comment_status>
		<wp:ping_status>open</wp:ping_status>
		<wp:post_name>about-us</wp:post_name>
		<wp:status>trash</wp:status>
		<wp:post_parent>0</wp:post_parent>
		<wp:menu_order>0</wp:menu_order>
		<wp:post_type>page</wp:post_type>
		<wp:post_password></wp:post_password>
		<wp:is_sticky>0</wp:is_sticky>
		<wp:postmeta>
			<wp:meta_key>_edit_last</wp:meta_key>
			<wp:meta_value><![CDATA[1]]></wp:meta_value>
		</wp:postmeta>
		<wp:postmeta>
			<wp:meta_key>_wp_trash_meta_status</wp:meta_key>
			<wp:meta_value><![CDATA[publish]]></wp:meta_value>
		</wp:postmeta>
		<wp:postmeta>
			<wp:meta_key>_wp_trash_meta_time</wp:meta_key>
			<wp:meta_value><![CDATA[1319177954]]></wp:meta_value>
		</wp:postmeta>
	</item>
	<item>
		<title>Chef</title>
		<link>http://localhost/ss_simon_theme/?page_id=39</link>
		<pubDate>Fri, 21 Oct 2011 05:05:57 +0000</pubDate>
		<dc:creator>Joe</dc:creator>
		<guid isPermaLink="false">http://localhost/ss_simon_theme/?page_id=39</guid>
		<description></description>
		<content:encoded><![CDATA[<h2> Chef Ron Silverberg</h2>

<P><img src="http://localhost/ss_simon_theme/wp-content/uploads/2011/10/ron1.png" alt="" title="ron" width="163" height="211" class="alignright size-full wp-image-114 grey_border" style="margin-left: 10px;" />By age 14, Ron was already working in restaurants, bussing, prepping, making salads, and doing whatever it took to learn the trade. After high school, he enrolled at California Culinary Academy in San Francisco where he received his Le Cordon Bleu Chef's degree while working at Ramblas Tapas Restaurant under Chef Trish Tracy. He was quickly promoted to Sous Chef and ran several culinary events in Napa County in addition to his duties in Ramblas' open kitchen. </p>

<p> Next stop was the highly rated Maverick, a quaint wine bar serving all farm fresh foods. Working as Sous Chef to Chef Scott Youkilis, he learned to let the food speak. THis formula has guided Ron's culinary style ever since. He had the good fortune to work next at Delfina under James Beard Award-winning chef Craig Stoll and again learned how simple preparation combined with seasonal and local ingredients could yield extraordinary results. Recruited to Mission Beach Cafe in 2008, Ron teamed up with Chef TOm Martinez and created a new menu that garnered them a slew of accolades including Best Brunch and Most Notable Burger, a fine accomplishment for a city where there are more restaurants per capita than anywhere in America. Ron most recently served as Executive Chef there.</p>

<p> Ron came east after six years of honing his skills in San Francisco to serve as Executive Chef at The Silverspoon. With his skill, experience, and vision, we offer a creative menu of seasonal, regional and sustainably grown American fare. </p>]]></content:encoded>
		<excerpt:encoded><![CDATA[]]></excerpt:encoded>
		<wp:post_id>39</wp:post_id>
		<wp:post_date>2011-10-21 05:05:57</wp:post_date>
		<wp:post_date_gmt>2011-10-21 05:05:57</wp:post_date_gmt>
		<wp:comment_status>open</wp:comment_status>
		<wp:ping_status>open</wp:ping_status>
		<wp:post_name>chef</wp:post_name>
		<wp:status>publish</wp:status>
		<wp:post_parent>4</wp:post_parent>
		<wp:menu_order>0</wp:menu_order>
		<wp:post_type>page</wp:post_type>
		<wp:post_password></wp:post_password>
		<wp:is_sticky>0</wp:is_sticky>
		<wp:postmeta>
			<wp:meta_key>_edit_last</wp:meta_key>
			<wp:meta_value><![CDATA[1]]></wp:meta_value>
		</wp:postmeta>
		<wp:postmeta>
			<wp:meta_key>_thumbnail_id</wp:meta_key>
			<wp:meta_value><![CDATA[114]]></wp:meta_value>
		</wp:postmeta>
	</item>
	<item>
		<title>Home</title>
		<link>http://localhost/ss_simon_theme/?page_id=137</link>
		<pubDate>Mon, 14 Nov 2011 04:52:33 +0000</pubDate>
		<dc:creator>Joe</dc:creator>
		<guid isPermaLink="false">http://localhost/ss_simon_theme/?page_id=137</guid>
		<description></description>
		<content:encoded><![CDATA[<div class="box_image grid_4">
	<img src="images/beef_small.png" class="grey_border"/>
         
       <ul id="image_nav">
          <li> <a href="http://localhost/ss_simon_theme/?page_id=26">Dinner Menu </a> <a href="http://localhost/ss_simon_theme/?page_id=24"> Lunch Menu </a> <a href="http://localhost/ss_simon_theme/?page_id=20"> Brunch Menu </a></li>
       </ul>
	<h2><a href="catering" class="box_image" id="menu_link"><span>Menus</a></span></h2>
       
         

</div>


<div class="box_image grid_4">
	<img src="images/bass_small.png" class="grey_border"/>
         <ul id="about_nav">
          <li> <a href="http://localhost/ss_simon_theme/?page_id=4">About The Silverspoon </a>   <a href="http://localhost/ss_simon_theme/?page_id=39"> Chef </a></li>
         </ul>
	<h2><a href="catering" class="box_image" id="about_link"><span>About</a></span></h2>

</div>

<div class="box_image grid_4">
	<img src="images/inside_night2_small.png" class="grey_border"/>

         <ul id="catering_nav">
          <li> <a href="http://localhost/ss_simon_theme/?page_id=182">Catering </a>   <a href="http://localhost/ss_simon_theme/?page_id=184"> Private Parties </a></li>
         </ul>
	<h2><a href="catering" class="box_image" id="catering_link"><span>Catering/Parties</a></span></h2>

</div>


<div class="clear"> </div>
<div class="grid_5" id="email_signup">

<div class="alignright">
    <a href="http://www.facebook.com/silverspooncafe?ref=ts"><img src="images/facebook.png"/> Find us on Facebook</a> 
    <a href="http://twitter.com/silvrspoonwayne"><img src="images/twitter.png"/> Twitter</a> 
</div>
    [customcontact form=2]


</div>

<div class="grid_6">
  [tpg_get_posts numerposts=2]
</div>

]]></content:encoded>
		<excerpt:encoded><![CDATA[]]></excerpt:encoded>
		<wp:post_id>137</wp:post_id>
		<wp:post_date>2011-11-14 04:52:33</wp:post_date>
		<wp:post_date_gmt>2011-11-14 04:52:33</wp:post_date_gmt>
		<wp:comment_status>open</wp:comment_status>
		<wp:ping_status>open</wp:ping_status>
		<wp:post_name>test2</wp:post_name>
		<wp:status>publish</wp:status>
		<wp:post_parent>0</wp:post_parent>
		<wp:menu_order>0</wp:menu_order>
		<wp:post_type>page</wp:post_type>
		<wp:post_password></wp:post_password>
		<wp:is_sticky>0</wp:is_sticky>
		<wp:postmeta>
			<wp:meta_key>_edit_last</wp:meta_key>
			<wp:meta_value><![CDATA[1]]></wp:meta_value>
		</wp:postmeta>
	</item>
	<item>
		<title>Catering</title>
		<link>http://localhost/ss_simon_theme/?page_id=182</link>
		<pubDate>Tue, 15 Nov 2011 01:12:14 +0000</pubDate>
		<dc:creator>Joe</dc:creator>
		<guid isPermaLink="false">http://localhost/ss_simon_theme/?page_id=182</guid>
		<description></description>
		<content:encoded><![CDATA[<div class="grid_6"
<p>Whether you're planning a special event at home, at work, or another site, we'll work with you to create a special menu for an unforgettable experience. We'll cater to your every need, whether it's an anniversary, shower, holiday or corporate function.</p>

<p>For all catering inquiries, contact General Manager Joe Johnston at the Silverspoon.</p>

Phone: 610.688.7646
</div>


<div class="grid_6 form_box">
[customcontact form=5]
</div>]]></content:encoded>
		<excerpt:encoded><![CDATA[]]></excerpt:encoded>
		<wp:post_id>182</wp:post_id>
		<wp:post_date>2011-11-15 01:12:14</wp:post_date>
		<wp:post_date_gmt>2011-11-15 01:12:14</wp:post_date_gmt>
		<wp:comment_status>open</wp:comment_status>
		<wp:ping_status>open</wp:ping_status>
		<wp:post_name>catering</wp:post_name>
		<wp:status>publish</wp:status>
		<wp:post_parent>0</wp:post_parent>
		<wp:menu_order>0</wp:menu_order>
		<wp:post_type>page</wp:post_type>
		<wp:post_password></wp:post_password>
		<wp:is_sticky>0</wp:is_sticky>
		<wp:postmeta>
			<wp:meta_key>_edit_last</wp:meta_key>
			<wp:meta_value><![CDATA[1]]></wp:meta_value>
		</wp:postmeta>
	</item>
	<item>
		<title>Private Parties</title>
		<link>http://localhost/ss_simon_theme/?page_id=184</link>
		<pubDate>Tue, 15 Nov 2011 01:12:33 +0000</pubDate>
		<dc:creator>Joe</dc:creator>
		<guid isPermaLink="false">http://localhost/ss_simon_theme/?page_id=184</guid>
		<description></description>
		<content:encoded><![CDATA[<div class="grid_6">
<p>Planning a special event? We can provide an unforgettable menu and experience customized for your group's needs. We can seat up to 44 guests for full service and up to 75 for a cocktail party. Book the Silverspoon for your private party and you can expect tantalizing food, beautiful atmosphere, and outstanding service. Casual or classic, sit down meal or cocktail party, we'll work with you to meet your party's needs and budget.</p>



<p>For private party inquiries, contact General Manager Joe Johnston at the Silverspoon.</p>

Phone: 610.688.7646
</div>

<div class="grid_5 form_box">
[customcontact form=4]
</div>]]></content:encoded>
		<excerpt:encoded><![CDATA[]]></excerpt:encoded>
		<wp:post_id>184</wp:post_id>
		<wp:post_date>2011-11-15 01:12:33</wp:post_date>
		<wp:post_date_gmt>2011-11-15 01:12:33</wp:post_date_gmt>
		<wp:comment_status>open</wp:comment_status>
		<wp:ping_status>open</wp:ping_status>
		<wp:post_name>private-parties</wp:post_name>
		<wp:status>publish</wp:status>
		<wp:post_parent>0</wp:post_parent>
		<wp:menu_order>0</wp:menu_order>
		<wp:post_type>page</wp:post_type>
		<wp:post_password></wp:post_password>
		<wp:is_sticky>0</wp:is_sticky>
		<wp:postmeta>
			<wp:meta_key>_edit_last</wp:meta_key>
			<wp:meta_value><![CDATA[1]]></wp:meta_value>
		</wp:postmeta>
	</item>
	<item>
		<title>Contact form 1</title>
		<link>http://localhost/ss_simon_theme/?wpcf7_contact_form=contact-form-1</link>
		<pubDate>Sat, 19 Nov 2011 05:15:15 +0000</pubDate>
		<dc:creator>Joe</dc:creator>
		<guid isPermaLink="false">http://localhost/ss_simon_theme/?wpcf7_contact_form=contact-form-1</guid>
		<description></description>
		<content:encoded><![CDATA[]]></content:encoded>
		<excerpt:encoded><![CDATA[]]></excerpt:encoded>
		<wp:post_id>243</wp:post_id>
		<wp:post_date>2011-11-19 05:15:15</wp:post_date>
		<wp:post_date_gmt>2011-11-19 05:15:15</wp:post_date_gmt>
		<wp:comment_status>closed</wp:comment_status>
		<wp:ping_status>open</wp:ping_status>
		<wp:post_name>contact-form-1</wp:post_name>
		<wp:status>publish</wp:status>
		<wp:post_parent>0</wp:post_parent>
		<wp:menu_order>0</wp:menu_order>
		<wp:post_type>wpcf7_contact_form</wp:post_type>
		<wp:post_password></wp:post_password>
		<wp:is_sticky>0</wp:is_sticky>
		<wp:postmeta>
			<wp:meta_key>form</wp:meta_key>
			<wp:meta_value><![CDATA[<h4> Send Us an Email. </h4>
<p>Your Name (required)<br />
    [text* your-name] </p>

<p>Your Email (required)<br />
    [email* your-email] </p>

<p>Subject<br />
    [text your-subject] </p>

<p>Your Message<br />
    [textarea your-message] </p>

<p>[submit "Send"]</p>]]></wp:meta_value>
		</wp:postmeta>
		<wp:postmeta>
			<wp:meta_key>mail</wp:meta_key>
			<wp:meta_value><![CDATA[a:7:{s:7:"subject";s:14:"[your-subject]";s:6:"sender";s:26:"[your-name] <[your-email]>";s:4:"body";s:183:"From: [your-name] <[your-email]>
Subject: [your-subject]

Message Body:
[your-message]

--
This mail is sent via contact form on The Silverspoon http://localhost/ss_simon_theme";s:9:"recipient";s:24:"joe@silverspoonwayne.com";s:18:"additional_headers";s:0:"";s:11:"attachments";s:0:"";s:8:"use_html";s:0:"";}]]></wp:meta_value>
		</wp:postmeta>
		<wp:postmeta>
			<wp:meta_key>mail_2</wp:meta_key>
			<wp:meta_value><![CDATA[a:8:{s:6:"active";s:0:"";s:7:"subject";s:14:"[your-subject]";s:6:"sender";s:26:"[your-name] <[your-email]>";s:4:"body";s:122:"Message body:
[your-message]

--
This mail is sent via contact form on The Silverspoon http://localhost/ss_simon_theme";s:9:"recipient";s:12:"[your-email]";s:18:"additional_headers";s:0:"";s:11:"attachments";s:0:"";s:8:"use_html";s:0:"";}]]></wp:meta_value>
		</wp:postmeta>
		<wp:postmeta>
			<wp:meta_key>messages</wp:meta_key>
			<wp:meta_value><![CDATA[a:13:{s:12:"mail_sent_ok";s:43:"Your message was sent successfully. Thanks.";s:12:"mail_sent_ng";s:93:"Failed to send your message. Please try later or contact the administrator by another method.";s:16:"validation_error";s:74:"Validation errors occurred. Please confirm the fields and submit it again.";s:12:"accept_terms";s:35:"Please accept the terms to proceed.";s:13:"invalid_email";s:28:"Email address seems invalid.";s:16:"invalid_required";s:31:"Please fill the required field.";s:17:"akismet_says_spam";s:93:"Failed to send your message. Please try later or contact the administrator by another method.";s:17:"captcha_not_match";s:31:"Your entered code is incorrect.";s:13:"upload_failed";s:22:"Failed to upload file.";s:24:"upload_file_type_invalid";s:30:"This file type is not allowed.";s:21:"upload_file_too_large";s:23:"This file is too large.";s:23:"upload_failed_php_error";s:38:"Failed to upload file. Error occurred.";s:23:"quiz_answer_not_correct";s:27:"Your answer is not correct.";}]]></wp:meta_value>
		</wp:postmeta>
		<wp:postmeta>
			<wp:meta_key>additional_settings</wp:meta_key>
			<wp:meta_value><![CDATA[]]></wp:meta_value>
		</wp:postmeta>
	</item>
	<item>
		<title>Fuck you nigger</title>
		<link>http://localhost/ss_simon_theme/?page_id=319</link>
		<pubDate>Thu, 01 Dec 2011 05:42:34 +0000</pubDate>
		<dc:creator>Joe</dc:creator>
		<guid isPermaLink="false">http://localhost/ss_simon_theme/?page_id=319</guid>
		<description></description>
		<content:encoded><![CDATA[]]></content:encoded>
		<excerpt:encoded><![CDATA[]]></excerpt:encoded>
		<wp:post_id>319</wp:post_id>
		<wp:post_date>2011-12-01 05:42:34</wp:post_date>
		<wp:post_date_gmt>2011-12-01 05:42:34</wp:post_date_gmt>
		<wp:comment_status>open</wp:comment_status>
		<wp:ping_status>open</wp:ping_status>
		<wp:post_name>fuck-you-nigger</wp:post_name>
		<wp:status>pending</wp:status>
		<wp:post_parent>0</wp:post_parent>
		<wp:menu_order>0</wp:menu_order>
		<wp:post_type>page</wp:post_type>
		<wp:post_password></wp:post_password>
		<wp:is_sticky>0</wp:is_sticky>
		<wp:postmeta>
			<wp:meta_key>_edit_last</wp:meta_key>
			<wp:meta_value><![CDATA[1]]></wp:meta_value>
		</wp:postmeta>
	</item>
</channel>
</rss>
